cc -E -I tools/agbcc -I tools/agbcc/include -iquote include -DREVISION=0 -nostdinc src/agb_sram.c -o build/pwaa1/src/agb_sram.i
cc -E -I tools/agbcc -I tools/agbcc/include -iquote include -DREVISION=0 -nostdinc src/animation.c -o build/pwaa1/src/animation.i
tools/binutils/bin/arm-none-eabi-as -mcpu=arm7tdmi -mthumb-interwork -o build/pwaa1/src/agb_sram.o build/pwaa1/src/agb_sram.s
cc -E -I tools/agbcc -I tools/agbcc/include -iquote include -DREVISION=0 -nostdinc src/bg.c -o build/pwaa1/src/bg.i
tools/binutils/bin/arm-none-eabi-as -mcpu=arm7tdmi -mthumb-interwork -o build/pwaa1/src/bg.o build/pwaa1/src/bg.s
cc -E -I tools/agbcc -I tools/agbcc/include -iquote include -DREVISION=0 -nostdinc src/bg3.c -o build/pwaa1/src/bg3.i
tools/binutils/bin/arm-none-eabi-as -mcpu=arm7tdmi -mthumb-interwork -o build/pwaa1/src/animation.o build/pwaa1/src/animation.s
cc -E -I tools/agbcc -I tools/agbcc/include -iquote include -DREVISION=0 -nostdinc src/case_data.c -o build/pwaa1/src/case_data.i
tools/binutils/bin/arm-none-eabi-as -mcpu=arm7tdmi -mthumb-interwork -o build/pwaa1/src/case_data.o build/pwaa1/src/case_data.s
cc -E -I tools/agbcc -I tools/agbcc/include -iquote include -DREVISION=0 -nostdinc src/court.c -o build/pwaa1/src/court.i
tools/binutils/bin/arm-none-eabi-as -mcpu=arm7tdmi -mthumb-interwork -o build/pwaa1/src/bg3.o build/pwaa1/src/bg3.s
cc -E -I tools/agbcc -I tools/agbcc/include -iquote include -DREVISION=0 -nostdinc src/court_record.c -o build/pwaa1/src/court_record.i
tools/binutils/bin/arm-none-eabi-as -mcpu=arm7tdmi -mthumb-interwork -o build/pwaa1/src/court.o build/pwaa1/src/court.s
cc -E -I tools/agbcc -I tools/agbcc/include -iquote include -DREVISION=0 -nostdinc src/episode_load_processes.c -o build/pwaa1/src/episode_load_processes.i
tools/binutils/bin/arm-none-eabi-as -mcpu=arm7tdmi -mthumb-interwork -o build/pwaa1/src/court_record.o build/pwaa1/src/court_record.s
cc -E -I tools/agbcc -I tools/agbcc/include -iquote include -DREVISION=0 -nostdinc src/gameover_process.c -o build/pwaa1/src/gameover_process.i
tools/binutils/bin/arm-none-eabi-as -mcpu=arm7tdmi -mthumb-interwork -o build/pwaa1/src/gameover_process.o build/pwaa1/src/gameover_process.s
cc -E -I tools/agbcc -I tools/agbcc/include -iquote include -DREVISION=0 -nostdinc src/investigation.c -o build/pwaa1/src/investigation.i
tools/binutils/bin/arm-none-eabi-as -mcpu=arm7tdmi -mthumb-interwork -o build/pwaa1/src/episode_load_processes.o build/pwaa1/src/episode_load_processes.s
cc -E -I tools/agbcc -I tools/agbcc/include -iquote include -DREVISION=0 -nostdinc src/investigation_segment_1_0.c -o build/pwaa1/src/investigation_segment_1_0.i
tools/binutils/bin/arm-none-eabi-as -mcpu=arm7tdmi -mthumb-interwork -o build/pwaa1/src/investigation_segment_1_0.o build/pwaa1/src/investigation_segment_1_0.s
cc -E -I tools/agbcc -I tools/agbcc/include -iquote include -DREVISION=0 -nostdinc src/investigation_segment_1_2.c -o build/pwaa1/src/investigation_segment_1_2.i
tools/binutils/bin/arm-none-eabi-as -mcpu=arm7tdmi -mthumb-interwork -o build/pwaa1/src/investigation_segment_1_2.o build/pwaa1/src/investigation_segment_1_2.s
cc -E -I tools/agbcc -I tools/agbcc/include -iquote include -DREVISION=0 -nostdinc src/investigation_segment_2_0.c -o build/pwaa1/src/investigation_segment_2_0.i
tools/binutils/bin/arm-none-eabi-as -mcpu=arm7tdmi -mthumb-interwork -o build/pwaa1/src/investigation_segment_2_0.o build/pwaa1/src/investigation_segment_2_0.s
cc -E -I tools/agbcc -I tools/agbcc/include -iquote include -DREVISION=0 -nostdinc src/investigation_segment_2_2.c -o build/pwaa1/src/investigation_segment_2_2.i
tools/binutils/bin/arm-none-eabi-as -mcpu=arm7tdmi -mthumb-interwork -o build/pwaa1/src/investigation.o build/pwaa1/src/investigation.s
cc -E -I tools/agbcc -I tools/agbcc/include -iquote include -DREVISION=0 -nostdinc src/investigation_segment_2_4.c -o build/pwaa1/src/investigation_segment_2_4.i
tools/binutils/bin/arm-none-eabi-as -mcpu=arm7tdmi -mthumb-interwork -o build/pwaa1/src/investigation_segment_2_2.o build/pwaa1/src/investigation_segment_2_2.s
cc -E -I tools/agbcc -I tools/agbcc/include -iquote include -DREVISION=0 -nostdinc src/investigation_segment_3_0.c -o build/pwaa1/src/investigation_segment_3_0.i
tools/binutils/bin/arm-none-eabi-as -mcpu=arm7tdmi -mthumb-interwork -o build/pwaa1/src/investigation_segment_2_4.o build/pwaa1/src/investigation_segment_2_4.s
cc -E -I tools/agbcc -I tools/agbcc/include -iquote include -DREVISION=0 -nostdinc src/investigation_segment_3_2.c -o build/pwaa1/src/investigation_segment_3_2.i
tools/binutils/bin/arm-none-eabi-as -mcpu=arm7tdmi -mthumb-interwork -o build/pwaa1/src/investigation_segment_3_0.o build/pwaa1/src/investigation_segment_3_0.s
cc -E -I tools/agbcc -I tools/agbcc/include -iquote include -DREVISION=0 -nostdinc src/investigation_segment_3_4.c -o build/pwaa1/src/investigation_segment_3_4.i
tools/binutils/bin/arm-none-eabi-as -mcpu=arm7tdmi -mthumb-interwork -o build/pwaa1/src/investigation_segment_3_2.o build/pwaa1/src/investigation_segment_3_2.s
cc -E -I tools/agbcc -I tools/agbcc/include -iquote include -DREVISION=0 -nostdinc src/m4a.c -o build/pwaa1/src/m4a.i
tools/binutils/bin/arm-none-eabi-as -mcpu=arm7tdmi -mthumb-interwork -o build/pwaa1/src/investigation_segment_3_4.o build/pwaa1/src/investigation_segment_3_4.s
cc -E -I tools/agbcc -I tools/agbcc/include -iquote include -DREVISION=0 -nostdinc src/m4a_tables.c -o build/pwaa1/src/m4a_tables.i
tools/binutils/bin/arm-none-eabi-as -mcpu=arm7tdmi -mthumb-interwork -o build/pwaa1/src/m4a_tables.o build/pwaa1/src/m4a_tables.s
cc -E -I tools/agbcc -I tools/agbcc/include -iquote include -DREVISION=0 -nostdinc src/main.c -o build/pwaa1/src/main.i
tools/binutils/bin/arm-none-eabi-as -mcpu=arm7tdmi -mthumb-interwork -o build/pwaa1/src/main.o build/pwaa1/src/main.s
tools/binutils/bin/arm-none-eabi-as -mcpu=arm7tdmi -mthumb-interwork -o build/pwaa1/src/m4a.o build/pwaa1/src/m4a.s
cc -E -I tools/agbcc -I tools/agbcc/include -iquote include -DREVISION=0 -nostdinc src/save_processes.c -o build/pwaa1/src/save_processes.i
cc -E -I tools/agbcc -I tools/agbcc/include -iquote include -DREVISION=0 -nostdinc src/script_commands.c -o build/pwaa1/src/script_commands.i
tools/binutils/bin/arm-none-eabi-as -mcpu=arm7tdmi -mthumb-interwork -o build/pwaa1/src/save_processes.o build/pwaa1/src/save_processes.s
cc -E -I tools/agbcc -I tools/agbcc/include -iquote include -DREVISION=0 -nostdinc src/script_commands2.c -o build/pwaa1/src/script_commands2.i
tools/binutils/bin/arm-none-eabi-as -mcpu=arm7tdmi -mthumb-interwork -o build/pwaa1/src/script_commands.o build/pwaa1/src/script_commands.s
cc -E -I tools/agbcc -I tools/agbcc/include -iquote include -DREVISION=0 -nostdinc src/script_commands3.c -o build/pwaa1/src/script_commands3.i
tools/binutils/bin/arm-none-eabi-as -mcpu=arm7tdmi -mthumb-interwork -o build/pwaa1/src/script_commands3.o build/pwaa1/src/script_commands3.s
cc -E -I tools/agbcc -I tools/agbcc/include -iquote include -DREVISION=0 -nostdinc src/script_main.c -o build/pwaa1/src/script_main.i
tools/binutils/bin/arm-none-eabi-as -mcpu=arm7tdmi -mthumb-interwork -o build/pwaa1/src/script_commands2.o build/pwaa1/src/script_commands2.s
tools/gbagfx/gbagfx script/scenario_0_script.phscr script/scenario_0_script.phscr.lz -search 1
tools/binutils/bin/arm-none-eabi-as -mcpu=arm7tdmi -mthumb-interwork -o build/pwaa1/src/script_main.o build/pwaa1/src/script_main.s
tools/gbagfx/gbagfx script/scenario_1_0_script.phscr script/scenario_1_0_script.phscr.lz -search 1
tools/gbagfx/gbagfx script/scenario_1_1_script.phscr script/scenario_1_1_script.phscr.lz -search 1
tools/gbagfx/gbagfx script/scenario_1_2_script.phscr script/scenario_1_2_script.phscr.lz -search 1
tools/gbagfx/gbagfx script/scenario_1_3_script.phscr script/scenario_1_3_script.phscr.lz -search 1
tools/gbagfx/gbagfx script/scenario_2_0_script.phscr script/scenario_2_0_script.phscr.lz -search 1
tools/gbagfx/gbagfx script/scenario_2_1_script.phscr script/scenario_2_1_script.phscr.lz -search 1
tools/gbagfx/gbagfx script/scenario_2_2_script.phscr script/scenario_2_2_script.phscr.lz -search 1
tools/gbagfx/gbagfx script/scenario_2_3_script.phscr script/scenario_2_3_script.phscr.lz -search 1
tools/gbagfx/gbagfx script/scenario_2_4_script.phscr script/scenario_2_4_script.phscr.lz -search 1
tools/gbagfx/gbagfx script/scenario_2_5_script.phscr script/scenario_2_5_script.phscr.lz -search 1
tools/gbagfx/gbagfx script/scenario_3_0_script.phscr script/scenario_3_0_script.phscr.lz -search 1
tools/gbagfx/gbagfx script/scenario_3_1_script.phscr script/scenario_3_1_script.phscr.lz -search 1
tools/gbagfx/gbagfx script/scenario_3_2_script.phscr script/scenario_3_2_script.phscr.lz -search 1
tools/gbagfx/gbagfx script/scenario_3_3_script.phscr script/scenario_3_3_script.phscr.lz -search 1
tools/gbagfx/gbagfx script/scenario_3_4_script.phscr script/scenario_3_4_script.phscr.lz -search 1
tools/gbagfx/gbagfx script/scenario_3_5_script.phscr script/scenario_3_5_script.phscr.lz -search 1
cc -E -I tools/agbcc -I tools/agbcc/include -iquote include -DREVISION=0 -nostdinc src/sound.c -o build/pwaa1/src/sound.i
tools/binutils/bin/arm-none-eabi-as -mcpu=arm7tdmi -mthumb-interwork -o build/pwaa1/src/sound.o build/pwaa1/src/sound.s
cc -E -I tools/agbcc -I tools/agbcc/include -iquote include -DREVISION=0 -nostdinc src/title_processes.c -o build/pwaa1/src/title_processes.i
tools/binutils/bin/arm-none-eabi-as -mcpu=arm7tdmi -mthumb-interwork -o build/pwaa1/src/title_processes.o build/pwaa1/src/title_processes.s
cc -E -I tools/agbcc -I tools/agbcc/include -iquote include -DREVISION=0 -nostdinc src/utils.c -o build/pwaa1/src/utils.i
tools/binutils/bin/arm-none-eabi-as -mcpu=arm7tdmi -mthumb-interwork -o build/pwaa1/src/utils.o build/pwaa1/src/utils.s
tools/binutils/bin/arm-none-eabi-as -mcpu=arm7tdmi -mthumb-interwork -o build/pwaa1/src/crt0.o src/crt0.s
tools/binutils/bin/arm-none-eabi-as -mcpu=arm7tdmi -mthumb-interwork -o build/pwaa1/src/libagbsyscall.o src/libagbsyscall.s
tools/binutils/bin/arm-none-eabi-as -mcpu=arm7tdmi -mthumb-interwork -o build/pwaa1/src/m4a_1.o src/m4a_1.s
tools/gbagfx/gbagfx graphics/bustup_edgeworth.png graphics/bustup_edgeworth.4bpp
tools/gbagfx/gbagfx graphics/bustup_edgeworth.png graphics/bustup_edgeworth.gbapal
tools/gbagfx/gbagfx graphics/bustup_phoenix.png graphics/bustup_phoenix.4bpp
tools/gbagfx/gbagfx graphics/bustup_phoenix.png graphics/bustup_phoenix.gbapal
tools/gbagfx/gbagfx graphics/charset.png graphics/charset.4bpp -mwidth 2 -mheight 2
tools/gbagfx/gbagfx graphics/charset.png graphics/charset.gbapal
tools/gbagfx/gbagfx graphics/choice_greyed_out.pal graphics/choice_greyed_out.gbapal
tools/gbagfx/gbagfx graphics/choice_selected.pal graphics/choice_selected.gbapal
tools/gbagfx/gbagfx graphics/court_scrolls/court_scroll01.png graphics/court_scrolls/court_scroll01.4bpp
tools/gbagfx/gbagfx graphics/court_scrolls/court_scroll01.png graphics/court_scrolls/court_scroll01.gbapal
tools/gbagfx/gbagfx graphics/court_scrolls/court_scroll02.png graphics/court_scrolls/court_scroll02.4bpp
tools/gbagfx/gbagfx graphics/court_scrolls/court_scroll02.png graphics/court_scrolls/court_scroll02.gbapal
tools/gbagfx/gbagfx graphics/court_scrolls/court_scroll03.png graphics/court_scrolls/court_scroll03.4bpp
tools/gbagfx/gbagfx graphics/court_scrolls/court_scroll03.png graphics/court_scrolls/court_scroll03.gbapal
tools/gbagfx/gbagfx graphics/court_scrolls/court_scroll04.png graphics/court_scrolls/court_scroll04.4bpp
tools/gbagfx/gbagfx graphics/court_scrolls/court_scroll04.png graphics/court_scrolls/court_scroll04.gbapal
tools/gbagfx/gbagfx graphics/court_scrolls/court_scroll05.png graphics/court_scrolls/court_scroll05.4bpp
tools/gbagfx/gbagfx graphics/court_scrolls/court_scroll05.png graphics/court_scrolls/court_scroll05.gbapal
tools/gbagfx/gbagfx graphics/court_scrolls/court_scroll06.png graphics/court_scrolls/court_scroll06.4bpp
tools/gbagfx/gbagfx graphics/court_scrolls/court_scroll06.png graphics/court_scrolls/court_scroll06.gbapal
tools/gbagfx/gbagfx graphics/court_scrolls/court_scroll07.png graphics/court_scrolls/court_scroll07.4bpp
tools/gbagfx/gbagfx graphics/court_scrolls/court_scroll07.png graphics/court_scrolls/court_scroll07.gbapal
tools/gbagfx/gbagfx graphics/court_scrolls/court_scroll08.png graphics/court_scrolls/court_scroll08.4bpp
tools/gbagfx/gbagfx graphics/court_scrolls/court_scroll08.png graphics/court_scrolls/court_scroll08.gbapal
tools/gbagfx/gbagfx graphics/court_scrolls/court_scroll09.png graphics/court_scrolls/court_scroll09.4bpp
tools/gbagfx/gbagfx graphics/court_scrolls/court_scroll09.png graphics/court_scrolls/court_scroll09.gbapal
tools/gbagfx/gbagfx graphics/court_scrolls/court_scroll10.png graphics/court_scrolls/court_scroll10.4bpp
tools/gbagfx/gbagfx graphics/court_scrolls/court_scroll10.png graphics/court_scrolls/court_scroll10.gbapal
tools/gbagfx/gbagfx graphics/court_scrolls/court_scroll11.png graphics/court_scrolls/court_scroll11.4bpp
tools/gbagfx/gbagfx graphics/court_scrolls/court_scroll11.png graphics/court_scrolls/court_scroll11.gbapal
tools/gbagfx/gbagfx graphics/court_scrolls/court_scroll12.png graphics/court_scrolls/court_scroll12.4bpp
tools/gbagfx/gbagfx graphics/court_scrolls/court_scroll12.png graphics/court_scrolls/court_scroll12.gbapal
tools/gbagfx/gbagfx graphics/court_scrolls/court_scroll13.png graphics/court_scrolls/court_scroll13.4bpp
tools/gbagfx/gbagfx graphics/court_scrolls/court_scroll13.png graphics/court_scrolls/court_scroll13.gbapal
tools/gbagfx/gbagfx graphics/court_scrolls/court_scroll14.png graphics/court_scrolls/court_scroll14.4bpp
tools/gbagfx/gbagfx graphics/court_scrolls/court_scroll14.png graphics/court_scrolls/court_scroll14.gbapal
tools/gbagfx/gbagfx graphics/court_scrolls/court_scroll15.png graphics/court_scrolls/court_scroll15.4bpp
tools/gbagfx/gbagfx graphics/court_scrolls/court_scroll15.png graphics/court_scrolls/court_scroll15.gbapal
tools/gbagfx/gbagfx graphics/court_scrolls/court_scroll16.png graphics/court_scrolls/court_scroll16.4bpp
tools/gbagfx/gbagfx graphics/court_scrolls/court_scroll16.png graphics/court_scrolls/court_scroll16.gbapal
tools/gbagfx/gbagfx graphics/court_scrolls/court_scroll17.png graphics/court_scrolls/court_scroll17.4bpp
tools/gbagfx/gbagfx graphics/court_scrolls/court_scroll17.png graphics/court_scrolls/court_scroll17.gbapal
tools/gbagfx/gbagfx graphics/court_scrolls/court_scroll18.png graphics/court_scrolls/court_scroll18.4bpp
tools/gbagfx/gbagfx graphics/court_scrolls/court_scroll18.png graphics/court_scrolls/court_scroll18.gbapal
tools/gbagfx/gbagfx graphics/court_scrolls/court_scroll19.png graphics/court_scrolls/court_scroll19.4bpp
tools/gbagfx/gbagfx graphics/court_scrolls/court_scroll19.png graphics/court_scrolls/court_scroll19.gbapal
tools/gbagfx/gbagfx graphics/court_scrolls/court_scroll20.png graphics/court_scrolls/court_scroll20.4bpp
tools/gbagfx/gbagfx graphics/court_scrolls/court_scroll20.png graphics/court_scrolls/court_scroll20.gbapal
tools/gbagfx/gbagfx graphics/court_scrolls/court_scroll21.png graphics/court_scrolls/court_scroll21.4bpp
tools/gbagfx/gbagfx graphics/court_scrolls/court_scroll21.png graphics/court_scrolls/court_scroll21.gbapal
tools/gbagfx/gbagfx graphics/court_scrolls/court_scroll22.png graphics/court_scrolls/court_scroll22.4bpp
tools/gbagfx/gbagfx graphics/court_scrolls/court_scroll22.png graphics/court_scrolls/court_scroll22.gbapal
tools/gbagfx/gbagfx graphics/court_scrolls/court_scroll23.png graphics/court_scrolls/court_scroll23.4bpp
tools/gbagfx/gbagfx graphics/court_scrolls/court_scroll23.png graphics/court_scrolls/court_scroll23.gbapal
tools/gbagfx/gbagfx graphics/court_scrolls/court_scroll24.png graphics/court_scrolls/court_scroll24.4bpp
tools/gbagfx/gbagfx graphics/court_scrolls/court_scroll24.png graphics/court_scrolls/court_scroll24.gbapal
tools/gbagfx/gbagfx graphics/court_scrolls/court_scroll25.png graphics/court_scrolls/court_scroll25.4bpp
tools/gbagfx/gbagfx graphics/court_scrolls/court_scroll25.png graphics/court_scrolls/court_scroll25.gbapal
tools/gbagfx/gbagfx graphics/court_scrolls/court_scroll26.png graphics/court_scrolls/court_scroll26.4bpp
tools/gbagfx/gbagfx graphics/court_scrolls/court_scroll26.png graphics/court_scrolls/court_scroll26.gbapal
tools/gbagfx/gbagfx graphics/court_scrolls/court_scroll27.png graphics/court_scrolls/court_scroll27.4bpp
tools/gbagfx/gbagfx graphics/court_scrolls/court_scroll27.png graphics/court_scrolls/court_scroll27.gbapal
tools/gbagfx/gbagfx graphics/court_scrolls/court_scroll28.png graphics/court_scrolls/court_scroll28.4bpp
tools/gbagfx/gbagfx graphics/court_scrolls/court_scroll28.png graphics/court_scrolls/court_scroll28.gbapal
tools/gbagfx/gbagfx graphics/court_scrolls/court_scroll29.png graphics/court_scrolls/court_scroll29.4bpp
tools/gbagfx/gbagfx graphics/court_scrolls/court_scroll29.png graphics/court_scrolls/court_scroll29.gbapal
tools/gbagfx/gbagfx graphics/court_scrolls/court_scroll30.png graphics/court_scrolls/court_scroll30.4bpp
tools/gbagfx/gbagfx graphics/court_scrolls/court_scroll30.png graphics/court_scrolls/court_scroll30.gbapal
tools/gbagfx/gbagfx graphics/court_scrolls/court_scroll31.png graphics/court_scrolls/court_scroll31.4bpp
tools/gbagfx/gbagfx graphics/court_scrolls/court_scroll31.png graphics/court_scrolls/court_scroll31.gbapal
tools/gbagfx/gbagfx graphics/court_scrolls/court_scroll32.png graphics/court_scrolls/court_scroll32.4bpp
tools/gbagfx/gbagfx graphics/court_scrolls/court_scroll32.png graphics/court_scrolls/court_scroll32.gbapal
tools/gbagfx/gbagfx graphics/court_scrolls/court_scroll33.png graphics/court_scrolls/court_scroll33.4bpp
tools/gbagfx/gbagfx graphics/court_scrolls/court_scroll33.png graphics/court_scrolls/court_scroll33.gbapal
tools/gbagfx/gbagfx graphics/court_scrolls/court_scroll34.png graphics/court_scrolls/court_scroll34.4bpp
tools/gbagfx/gbagfx graphics/court_scrolls/court_scroll34.png graphics/court_scrolls/court_scroll34.gbapal
tools/gbagfx/gbagfx graphics/court_scrolls/court_scroll35.png graphics/court_scrolls/court_scroll35.4bpp
tools/gbagfx/gbagfx graphics/court_scrolls/court_scroll35.png graphics/court_scrolls/court_scroll35.gbapal
tools/gbagfx/gbagfx graphics/court_scrolls/court_scroll36.png graphics/court_scrolls/court_scroll36.4bpp
tools/gbagfx/gbagfx graphics/court_scrolls/court_scroll36.png graphics/court_scrolls/court_scroll36.gbapal
tools/gbagfx/gbagfx graphics/court_scrolls/court_scroll37.png graphics/court_scrolls/court_scroll37.4bpp
tools/gbagfx/gbagfx graphics/court_scrolls/court_scroll37.png graphics/court_scrolls/court_scroll37.gbapal
tools/gbagfx/gbagfx graphics/court_scrolls/court_scroll38.png graphics/court_scrolls/court_scroll38.4bpp
tools/gbagfx/gbagfx graphics/court_scrolls/court_scroll38.png graphics/court_scrolls/court_scroll38.gbapal
tools/gbagfx/gbagfx graphics/court_scrolls/court_scroll39.png graphics/court_scrolls/court_scroll39.4bpp
tools/gbagfx/gbagfx graphics/court_scrolls/court_scroll39.png graphics/court_scrolls/court_scroll39.gbapal
tools/gbagfx/gbagfx graphics/court_scrolls/court_scroll40.png graphics/court_scrolls/court_scroll40.4bpp
tools/gbagfx/gbagfx graphics/court_scrolls/court_scroll40.png graphics/court_scrolls/court_scroll40.gbapal
tools/gbagfx/gbagfx graphics/court_scrolls/court_scroll41.png graphics/court_scrolls/court_scroll41.4bpp
tools/gbagfx/gbagfx graphics/court_scrolls/court_scroll41.png graphics/court_scrolls/court_scroll41.gbapal
tools/gbagfx/gbagfx graphics/court_scrolls/court_scroll42.png graphics/court_scrolls/court_scroll42.4bpp
tools/gbagfx/gbagfx graphics/court_scrolls/court_scroll42.png graphics/court_scrolls/court_scroll42.gbapal
tools/gbagfx/gbagfx graphics/court_scrolls/court_scroll43.png graphics/court_scrolls/court_scroll43.4bpp
tools/gbagfx/gbagfx graphics/court_scrolls/court_scroll43.png graphics/court_scrolls/court_scroll43.gbapal
tools/gbagfx/gbagfx graphics/court_scrolls/court_scroll44.png graphics/court_scrolls/court_scroll44.4bpp
tools/gbagfx/gbagfx graphics/court_scrolls/court_scroll44.png graphics/court_scrolls/court_scroll44.gbapal
tools/gbagfx/gbagfx graphics/court_scrolls/court_scroll45.png graphics/court_scrolls/court_scroll45.4bpp
tools/gbagfx/gbagfx graphics/court_scrolls/court_scroll45.png graphics/court_scrolls/court_scroll45.gbapal
tools/gbagfx/gbagfx graphics/court_scrolls/court_scroll46.png graphics/court_scrolls/court_scroll46.4bpp
tools/gbagfx/gbagfx graphics/court_scrolls/court_scroll46.png graphics/court_scrolls/court_scroll46.gbapal
tools/gbagfx/gbagfx graphics/court_scrolls/court_scroll47.png graphics/court_scrolls/court_scroll47.4bpp
tools/gbagfx/gbagfx graphics/court_scrolls/court_scroll47.png graphics/court_scrolls/court_scroll47.gbapal
tools/gbagfx/gbagfx graphics/court_scrolls/court_scroll48.png graphics/court_scrolls/court_scroll48.4bpp
tools/gbagfx/gbagfx graphics/court_scrolls/court_scroll48.png graphics/court_scrolls/court_scroll48.gbapal
tools/gbagfx/gbagfx graphics/episode_select_options.png graphics/episode_select_options.4bpp -mwidth 8 -mheight 4
tools/gbagfx/gbagfx graphics/evidence_profile_descriptions/evidence/air_tube.png graphics/evidence_profile_descriptions/evidence/air_tube.4bpp -mwidth 4 -mheight 4
tools/gbagfx/gbagfx graphics/evidence_profile_descriptions/evidence/article_gourdy.png graphics/evidence_profile_descriptions/evidence/article_gourdy.4bpp -mwidth 4 -mheight 4
tools/gbagfx/gbagfx graphics/evidence_profile_descriptions/evidence/bullet_0.png graphics/evidence_profile_descriptions/evidence/bullet_0.4bpp -mwidth 4 -mheight 4
tools/gbagfx/gbagfx graphics/evidence_profile_descriptions/evidence/bullet_1.png graphics/evidence_profile_descriptions/evidence/bullet_1.4bpp -mwidth 4 -mheight 4
tools/gbagfx/gbagfx graphics/evidence_profile_descriptions/evidence/cindy_stones_passport.png graphics/evidence_profile_descriptions/evidence/cindy_stones_passport.4bpp -mwidth 4 -mheight 4
tools/gbagfx/gbagfx graphics/evidence_profile_descriptions/evidence/codys_digital_camera.png graphics/evidence_profile_descriptions/evidence/codys_digital_camera.4bpp -mwidth 4 -mheight 4
tools/gbagfx/gbagfx graphics/evidence_profile_descriptions/evidence/codys_steel_samurai_scrapbook.png graphics/evidence_profile_descriptions/evidence/codys_steel_samurai_scrapbook.4bpp -mwidth 4 -mheight 4
tools/gbagfx/gbagfx graphics/evidence_profile_descriptions/evidence/dl-6_bullet.png graphics/evidence_profile_descriptions/evidence/dl-6_bullet.4bpp -mwidth 4 -mheight 4
tools/gbagfx/gbagfx graphics/evidence_profile_descriptions/evidence/empty_bottle_0.png graphics/evidence_profile_descriptions/evidence/empty_bottle_0.4bpp -mwidth 4 -mheight 4
tools/gbagfx/gbagfx graphics/evidence_profile_descriptions/evidence/empty_bottle_1.png graphics/evidence_profile_descriptions/evidence/empty_bottle_1.4bpp -mwidth 4 -mheight 4
tools/gbagfx/gbagfx graphics/evidence_profile_descriptions/evidence/empty_plate.png graphics/evidence_profile_descriptions/evidence/empty_plate.4bpp -mwidth 4 -mheight 4
tools/gbagfx/gbagfx graphics/evidence_profile_descriptions/evidence/firecrackers.png graphics/evidence_profile_descriptions/evidence/firecrackers.4bpp -mwidth 4 -mheight 4
tools/gbagfx/gbagfx graphics/evidence_profile_descriptions/evidence/fishing_pole.png graphics/evidence_profile_descriptions/evidence/fishing_pole.4bpp -mwidth 4 -mheight 4
tools/gbagfx/gbagfx graphics/evidence_profile_descriptions/evidence/generic_affidavit_0.png graphics/evidence_profile_descriptions/evidence/generic_affidavit_0.4bpp -mwidth 4 -mheight 4
tools/gbagfx/gbagfx graphics/evidence_profile_descriptions/evidence/generic_affidavit_1.png graphics/evidence_profile_descriptions/evidence/generic_affidavit_1.4bpp -mwidth 4 -mheight 4
tools/gbagfx/gbagfx graphics/evidence_profile_descriptions/evidence/generic_affidavit_2.png graphics/evidence_profile_descriptions/evidence/generic_affidavit_2.4bpp -mwidth 4 -mheight 4
tools/gbagfx/gbagfx graphics/evidence_profile_descriptions/evidence/generic_affidavit_3.png graphics/evidence_profile_descriptions/evidence/generic_affidavit_3.4bpp -mwidth 4 -mheight 4
tools/gbagfx/gbagfx graphics/evidence_profile_descriptions/evidence/generic_affidavit_4.png graphics/evidence_profile_descriptions/evidence/generic_affidavit_4.4bpp -mwidth 4 -mheight 4
tools/gbagfx/gbagfx graphics/evidence_profile_descriptions/evidence/generic_affidavit_5.png graphics/evidence_profile_descriptions/evidence/generic_affidavit_5.4bpp -mwidth 4 -mheight 4
tools/gbagfx/gbagfx graphics/evidence_profile_descriptions/evidence/generic_autopsy_report_0.png graphics/evidence_profile_descriptions/evidence/generic_autopsy_report_0.4bpp -mwidth 4 -mheight 4
tools/gbagfx/gbagfx graphics/evidence_profile_descriptions/evidence/generic_autopsy_report_1.png graphics/evidence_profile_descriptions/evidence/generic_autopsy_report_1.4bpp -mwidth 4 -mheight 4
tools/gbagfx/gbagfx graphics/evidence_profile_descriptions/evidence/generic_autopsy_report_2.png graphics/evidence_profile_descriptions/evidence/generic_autopsy_report_2.4bpp -mwidth 4 -mheight 4
tools/gbagfx/gbagfx graphics/evidence_profile_descriptions/evidence/generic_autopsy_report_3.png graphics/evidence_profile_descriptions/evidence/generic_autopsy_report_3.4bpp -mwidth 4 -mheight 4
tools/gbagfx/gbagfx graphics/evidence_profile_descriptions/evidence/generic_autopsy_report_4.png graphics/evidence_profile_descriptions/evidence/generic_autopsy_report_4.4bpp -mwidth 4 -mheight 4
tools/gbagfx/gbagfx graphics/evidence_profile_descriptions/evidence/generic_autopsy_report_5.png graphics/evidence_profile_descriptions/evidence/generic_autopsy_report_5.4bpp -mwidth 4 -mheight 4
tools/gbagfx/gbagfx graphics/evidence_profile_descriptions/evidence/generic_autopsy_report_6.png graphics/evidence_profile_descriptions/evidence/generic_autopsy_report_6.4bpp -mwidth 4 -mheight 4
tools/gbagfx/gbagfx graphics/evidence_profile_descriptions/evidence/generic_autopsy_report_7.png graphics/evidence_profile_descriptions/evidence/generic_autopsy_report_7.4bpp -mwidth 4 -mheight 4
tools/gbagfx/gbagfx graphics/evidence_profile_descriptions/evidence/generic_letter_0.png graphics/evidence_profile_descriptions/evidence/generic_letter_0.4bpp -mwidth 4 -mheight 4
tools/gbagfx/gbagfx graphics/evidence_profile_descriptions/evidence/generic_letter_1.png graphics/evidence_profile_descriptions/evidence/generic_letter_1.4bpp -mwidth 4 -mheight 4
tools/gbagfx/gbagfx graphics/evidence_profile_descriptions/evidence/generic_letter_2.png graphics/evidence_profile_descriptions/evidence/generic_letter_2.4bpp -mwidth 4 -mheight 4
tools/gbagfx/gbagfx graphics/evidence_profile_descriptions/evidence/generic_letter_3.png graphics/evidence_profile_descriptions/evidence/generic_letter_3.4bpp -mwidth 4 -mheight 4
tools/gbagfx/gbagfx graphics/evidence_profile_descriptions/evidence/generic_newspaper_clipping.png graphics/evidence_profile_descriptions/evidence/generic_newspaper_clipping.4bpp -mwidth 4 -mheight 4
tools/gbagfx/gbagfx graphics/evidence_profile_descriptions/evidence/generic_photo_0.png graphics/evidence_profile_descriptions/evidence/generic_photo_0.4bpp -mwidth 4 -mheight 4
tools/gbagfx/gbagfx graphics/evidence_profile_descriptions/evidence/generic_photo_1.png graphics/evidence_profile_descriptions/evidence/generic_photo_1.4bpp -mwidth 4 -mheight 4
tools/gbagfx/gbagfx graphics/evidence_profile_descriptions/evidence/generic_photo_2.png graphics/evidence_profile_descriptions/evidence/generic_photo_2.4bpp -mwidth 4 -mheight 4
tools/gbagfx/gbagfx graphics/evidence_profile_descriptions/evidence/generic_photo_3.png graphics/evidence_profile_descriptions/evidence/generic_photo_3.4bpp -mwidth 4 -mheight 4
tools/gbagfx/gbagfx graphics/evidence_profile_descriptions/evidence/generic_photo_4.png graphics/evidence_profile_descriptions/evidence/generic_photo_4.4bpp -mwidth 4 -mheight 4
tools/gbagfx/gbagfx graphics/evidence_profile_descriptions/evidence/generic_photo_5.png graphics/evidence_profile_descriptions/evidence/generic_photo_5.4bpp -mwidth 4 -mheight 4
tools/gbagfx/gbagfx graphics/evidence_profile_descriptions/evidence/generic_photo_6.png graphics/evidence_profile_descriptions/evidence/generic_photo_6.4bpp -mwidth 4 -mheight 4
tools/gbagfx/gbagfx graphics/evidence_profile_descriptions/evidence/generic_photo_7.png graphics/evidence_profile_descriptions/evidence/generic_photo_7.4bpp -mwidth 4 -mheight 4
tools/gbagfx/gbagfx graphics/evidence_profile_descriptions/evidence/generic_photo_8.png graphics/evidence_profile_descriptions/evidence/generic_photo_8.4bpp -mwidth 4 -mheight 4
tools/gbagfx/gbagfx graphics/evidence_profile_descriptions/evidence/generic_photo_9.png graphics/evidence_profile_descriptions/evidence/generic_photo_9.4bpp -mwidth 4 -mheight 4
tools/gbagfx/gbagfx graphics/evidence_profile_descriptions/evidence/glass_shards.png graphics/evidence_profile_descriptions/evidence/glass_shards.4bpp -mwidth 4 -mheight 4
tools/gbagfx/gbagfx graphics/evidence_profile_descriptions/evidence/global_studios_card_key.png graphics/evidence_profile_descriptions/evidence/global_studios_card_key.4bpp -mwidth 4 -mheight 4
tools/gbagfx/gbagfx graphics/evidence_profile_descriptions/evidence/global_studios_van.png graphics/evidence_profile_descriptions/evidence/global_studios_van.4bpp -mwidth 4 -mheight 4
tools/gbagfx/gbagfx graphics/evidence_profile_descriptions/evidence/key_to_cottage.png graphics/evidence_profile_descriptions/evidence/key_to_cottage.4bpp -mwidth 4 -mheight 4
tools/gbagfx/gbagfx graphics/evidence_profile_descriptions/evidence/lottas_camera_0.png graphics/evidence_profile_descriptions/evidence/lottas_camera_0.4bpp -mwidth 4 -mheight 4
tools/gbagfx/gbagfx graphics/evidence_profile_descriptions/evidence/lottas_camera_1.png graphics/evidence_profile_descriptions/evidence/lottas_camera_1.4bpp -mwidth 4 -mheight 4
tools/gbagfx/gbagfx graphics/evidence_profile_descriptions/evidence/maya_memo.png graphics/evidence_profile_descriptions/evidence/maya_memo.4bpp -mwidth 4 -mheight 4
tools/gbagfx/gbagfx graphics/evidence_profile_descriptions/evidence/mayas_cellphone.png graphics/evidence_profile_descriptions/evidence/mayas_cellphone.4bpp -mwidth 4 -mheight 4
tools/gbagfx/gbagfx graphics/evidence_profile_descriptions/evidence/metal_detector.png graphics/evidence_profile_descriptions/evidence/metal_detector.4bpp -mwidth 4 -mheight 4
tools/gbagfx/gbagfx graphics/evidence_profile_descriptions/evidence/missile.png graphics/evidence_profile_descriptions/evidence/missile.4bpp -mwidth 4 -mheight 4
tools/gbagfx/gbagfx graphics/evidence_profile_descriptions/evidence/missile_angry.png graphics/evidence_profile_descriptions/evidence/missile_angry.4bpp -mwidth 4 -mheight 4
tools/gbagfx/gbagfx graphics/evidence_profile_descriptions/evidence/mr_monkey.png graphics/evidence_profile_descriptions/evidence/mr_monkey.4bpp -mwidth 4 -mheight 4
tools/gbagfx/gbagfx graphics/evidence_profile_descriptions/evidence/note_from_the_safe.png graphics/evidence_profile_descriptions/evidence/note_from_the_safe.4bpp -mwidth 4 -mheight 4
tools/gbagfx/gbagfx graphics/evidence_profile_descriptions/evidence/phoenix_badge.png graphics/evidence_profile_descriptions/evidence/phoenix_badge.4bpp -mwidth 4 -mheight 4
tools/gbagfx/gbagfx graphics/evidence_profile_descriptions/evidence/pistol.png graphics/evidence_profile_descriptions/evidence/pistol.4bpp -mwidth 4 -mheight 4
tools/gbagfx/gbagfx graphics/evidence_profile_descriptions/evidence/plate_with_steak_bones.png graphics/evidence_profile_descriptions/evidence/plate_with_steak_bones.4bpp -mwidth 4 -mheight 4
tools/gbagfx/gbagfx graphics/evidence_profile_descriptions/evidence/polly.png graphics/evidence_profile_descriptions/evidence/polly.4bpp -mwidth 4 -mheight 4
tools/gbagfx/gbagfx graphics/evidence_profile_descriptions/evidence/steel_samurai_cards.png graphics/evidence_profile_descriptions/evidence/steel_samurai_cards.4bpp -mwidth 4 -mheight 4
tools/gbagfx/gbagfx graphics/evidence_profile_descriptions/evidence/steel_samurai_script.png graphics/evidence_profile_descriptions/evidence/steel_samurai_script.4bpp -mwidth 4 -mheight 4
tools/gbagfx/gbagfx graphics/evidence_profile_descriptions/evidence/steel_samurai_spear_0.png graphics/evidence_profile_descriptions/evidence/steel_samurai_spear_0.4bpp -mwidth 4 -mheight 4
tools/gbagfx/gbagfx graphics/evidence_profile_descriptions/evidence/steel_samurai_spear_1.png graphics/evidence_profile_descriptions/evidence/steel_samurai_spear_1.4bpp -mwidth 4 -mheight 4
tools/gbagfx/gbagfx graphics/evidence_profile_descriptions/evidence/steel_samurai_ultra_rare_card.png graphics/evidence_profile_descriptions/evidence/steel_samurai_ultra_rare_card.4bpp -mwidth 4 -mheight 4
tools/gbagfx/gbagfx graphics/evidence_profile_descriptions/evidence/the_thinker_0.png graphics/evidence_profile_descriptions/evidence/the_thinker_0.4bpp -mwidth 4 -mheight 4
tools/gbagfx/gbagfx graphics/evidence_profile_descriptions/evidence/the_thinker_1.png graphics/evidence_profile_descriptions/evidence/the_thinker_1.4bpp -mwidth 4 -mheight 4
tools/gbagfx/gbagfx graphics/evidence_profile_descriptions/evidence/the_thinker_2.png graphics/evidence_profile_descriptions/evidence/the_thinker_2.4bpp -mwidth 4 -mheight 4
tools/gbagfx/gbagfx graphics/evidence_profile_descriptions/evidence/wiretap.png graphics/evidence_profile_descriptions/evidence/wiretap.4bpp -mwidth 4 -mheight 4
tools/gbagfx/gbagfx graphics/evidence_profile_descriptions/evidence/yannis_safe.png graphics/evidence_profile_descriptions/evidence/yannis_safe.4bpp -mwidth 4 -mheight 4
tools/gbagfx/gbagfx graphics/evidence_profile_descriptions/evidence_profile_descriptions.pal graphics/evidence_profile_descriptions/evidence_profile_descriptions.gbapal
tools/gbagfx/gbagfx graphics/evidence_profile_descriptions/profiles/april_may_0.png graphics/evidence_profile_descriptions/profiles/april_may_0.4bpp -mwidth 4 -mheight 4
tools/gbagfx/gbagfx graphics/evidence_profile_descriptions/profiles/april_may_1.png graphics/evidence_profile_descriptions/profiles/april_may_1.4bpp -mwidth 4 -mheight 4
tools/gbagfx/gbagfx graphics/evidence_profile_descriptions/profiles/april_may_2.png graphics/evidence_profile_descriptions/profiles/april_may_2.4bpp -mwidth 4 -mheight 4
tools/gbagfx/gbagfx graphics/evidence_profile_descriptions/profiles/bellboy_0.png graphics/evidence_profile_descriptions/profiles/bellboy_0.4bpp -mwidth 4 -mheight 4
tools/gbagfx/gbagfx graphics/evidence_profile_descriptions/profiles/bellboy_1.png graphics/evidence_profile_descriptions/profiles/bellboy_1.4bpp -mwidth 4 -mheight 4
tools/gbagfx/gbagfx graphics/evidence_profile_descriptions/profiles/cindy_stone.png graphics/evidence_profile_descriptions/profiles/cindy_stone.4bpp -mwidth 4 -mheight 4
tools/gbagfx/gbagfx graphics/evidence_profile_descriptions/profiles/cody_hackins.png graphics/evidence_profile_descriptions/profiles/cody_hackins.4bpp -mwidth 4 -mheight 4
tools/gbagfx/gbagfx graphics/evidence_profile_descriptions/profiles/dee_vasquez.png graphics/evidence_profile_descriptions/profiles/dee_vasquez.4bpp -mwidth 4 -mheight 4
tools/gbagfx/gbagfx graphics/evidence_profile_descriptions/profiles/dick_gumshoe.png graphics/evidence_profile_descriptions/profiles/dick_gumshoe.4bpp -mwidth 4 -mheight 4
tools/gbagfx/gbagfx graphics/evidence_profile_descriptions/profiles/frank_sahwit.png graphics/evidence_profile_descriptions/profiles/frank_sahwit.4bpp -mwidth 4 -mheight 4
tools/gbagfx/gbagfx graphics/evidence_profile_descriptions/profiles/gregory_edgeworth.png graphics/evidence_profile_descriptions/profiles/gregory_edgeworth.4bpp -mwidth 4 -mheight 4
tools/gbagfx/gbagfx graphics/evidence_profile_descriptions/profiles/jack_hammer.png graphics/evidence_profile_descriptions/profiles/jack_hammer.4bpp -mwidth 4 -mheight 4
tools/gbagfx/gbagfx graphics/evidence_profile_descriptions/profiles/larry_butz_0.png graphics/evidence_profile_descriptions/profiles/larry_butz_0.4bpp -mwidth 4 -mheight 4
tools/gbagfx/gbagfx graphics/evidence_profile_descriptions/profiles/larry_butz_1.png graphics/evidence_profile_descriptions/profiles/larry_butz_1.4bpp -mwidth 4 -mheight 4
tools/gbagfx/gbagfx graphics/evidence_profile_descriptions/profiles/lotta_hart_0.png graphics/evidence_profile_descriptions/profiles/lotta_hart_0.4bpp -mwidth 4 -mheight 4
tools/gbagfx/gbagfx graphics/evidence_profile_descriptions/profiles/lotta_hart_1.png graphics/evidence_profile_descriptions/profiles/lotta_hart_1.4bpp -mwidth 4 -mheight 4
tools/gbagfx/gbagfx graphics/evidence_profile_descriptions/profiles/manfred_von_karma.png graphics/evidence_profile_descriptions/profiles/manfred_von_karma.4bpp -mwidth 4 -mheight 4
tools/gbagfx/gbagfx graphics/evidence_profile_descriptions/profiles/marvin_grossberg.png graphics/evidence_profile_descriptions/profiles/marvin_grossberg.4bpp -mwidth 4 -mheight 4
tools/gbagfx/gbagfx graphics/evidence_profile_descriptions/profiles/maya_fey_0.png graphics/evidence_profile_descriptions/profiles/maya_fey_0.4bpp -mwidth 4 -mheight 4
tools/gbagfx/gbagfx graphics/evidence_profile_descriptions/profiles/maya_fey_1.png graphics/evidence_profile_descriptions/profiles/maya_fey_1.4bpp -mwidth 4 -mheight 4
tools/gbagfx/gbagfx graphics/evidence_profile_descriptions/profiles/maya_fey_2.png graphics/evidence_profile_descriptions/profiles/maya_fey_2.4bpp -mwidth 4 -mheight 4
tools/gbagfx/gbagfx graphics/evidence_profile_descriptions/profiles/maya_fey_3.png graphics/evidence_profile_descriptions/profiles/maya_fey_3.4bpp -mwidth 4 -mheight 4
tools/gbagfx/gbagfx graphics/evidence_profile_descriptions/profiles/mia_fey_0.png graphics/evidence_profile_descriptions/profiles/mia_fey_0.4bpp -mwidth 4 -mheight 4
tools/gbagfx/gbagfx graphics/evidence_profile_descriptions/profiles/mia_fey_1.png graphics/evidence_profile_descriptions/profiles/mia_fey_1.4bpp -mwidth 4 -mheight 4
tools/gbagfx/gbagfx graphics/evidence_profile_descriptions/profiles/miles_edgeworth_0.png graphics/evidence_profile_descriptions/profiles/miles_edgeworth_0.4bpp -mwidth 4 -mheight 4
tools/gbagfx/gbagfx graphics/evidence_profile_descriptions/profiles/miles_edgeworth_1.png graphics/evidence_profile_descriptions/profiles/miles_edgeworth_1.4bpp -mwidth 4 -mheight 4
tools/gbagfx/gbagfx graphics/evidence_profile_descriptions/profiles/misty_fey_0.png graphics/evidence_profile_descriptions/profiles/misty_fey_0.4bpp -mwidth 4 -mheight 4
tools/gbagfx/gbagfx graphics/evidence_profile_descriptions/profiles/misty_fey_1.png graphics/evidence_profile_descriptions/profiles/misty_fey_1.4bpp -mwidth 4 -mheight 4
tools/gbagfx/gbagfx graphics/evidence_profile_descriptions/profiles/misty_fey_2.png graphics/evidence_profile_descriptions/profiles/misty_fey_2.4bpp -mwidth 4 -mheight 4
tools/gbagfx/gbagfx graphics/evidence_profile_descriptions/profiles/old_man_0.png graphics/evidence_profile_descriptions/profiles/old_man_0.4bpp -mwidth 4 -mheight 4
tools/gbagfx/gbagfx graphics/evidence_profile_descriptions/profiles/old_man_1.png graphics/evidence_profile_descriptions/profiles/old_man_1.4bpp -mwidth 4 -mheight 4
tools/gbagfx/gbagfx graphics/evidence_profile_descriptions/profiles/penny_nichols.png graphics/evidence_profile_descriptions/profiles/penny_nichols.4bpp -mwidth 4 -mheight 4
tools/gbagfx/gbagfx graphics/evidence_profile_descriptions/profiles/redd_white_0.png graphics/evidence_profile_descriptions/profiles/redd_white_0.4bpp -mwidth 4 -mheight 4
tools/gbagfx/gbagfx graphics/evidence_profile_descriptions/profiles/redd_white_1.png graphics/evidence_profile_descriptions/profiles/redd_white_1.4bpp -mwidth 4 -mheight 4
tools/gbagfx/gbagfx graphics/evidence_profile_descriptions/profiles/robert_hammond.png graphics/evidence_profile_descriptions/profiles/robert_hammond.4bpp -mwidth 4 -mheight 4
tools/gbagfx/gbagfx graphics/evidence_profile_descriptions/profiles/sal_manella.png graphics/evidence_profile_descriptions/profiles/sal_manella.4bpp -mwidth 4 -mheight 4
tools/gbagfx/gbagfx graphics/evidence_profile_descriptions/profiles/wendy_oldbag.png graphics/evidence_profile_descriptions/profiles/wendy_oldbag.4bpp -mwidth 4 -mheight 4
tools/gbagfx/gbagfx graphics/evidence_profile_descriptions/profiles/will_powers.png graphics/evidence_profile_descriptions/profiles/will_powers.4bpp -mwidth 4 -mheight 4
tools/gbagfx/gbagfx graphics/evidence_profile_descriptions/profiles/winston_payne.png graphics/evidence_profile_descriptions/profiles/winston_payne.4bpp -mwidth 4 -mheight 4
tools/gbagfx/gbagfx graphics/evidence_profile_pictures/evidence/air_tube.png graphics/evidence_profile_pictures/evidence/air_tube.4bpp
tools/gbagfx/gbagfx graphics/evidence_profile_pictures/evidence/air_tube.png graphics/evidence_profile_pictures/evidence/air_tube.gbapal
tools/gbagfx/gbagfx graphics/evidence_profile_pictures/evidence/article_gourdy.png graphics/evidence_profile_pictures/evidence/article_gourdy.4bpp
tools/gbagfx/gbagfx graphics/evidence_profile_pictures/evidence/article_gourdy.png graphics/evidence_profile_pictures/evidence/article_gourdy.gbapal
tools/gbagfx/gbagfx graphics/evidence_profile_pictures/evidence/bullet.png graphics/evidence_profile_pictures/evidence/bullet.4bpp
tools/gbagfx/gbagfx graphics/evidence_profile_pictures/evidence/bullet.png graphics/evidence_profile_pictures/evidence/bullet.gbapal
tools/gbagfx/gbagfx graphics/evidence_profile_pictures/evidence/cindy_stones_passport.png graphics/evidence_profile_pictures/evidence/cindy_stones_passport.4bpp
tools/gbagfx/gbagfx graphics/evidence_profile_pictures/evidence/cindy_stones_passport.png graphics/evidence_profile_pictures/evidence/cindy_stones_passport.gbapal
tools/gbagfx/gbagfx graphics/evidence_profile_pictures/evidence/codys_digital_camera.png graphics/evidence_profile_pictures/evidence/codys_digital_camera.4bpp
tools/gbagfx/gbagfx graphics/evidence_profile_pictures/evidence/codys_digital_camera.png graphics/evidence_profile_pictures/evidence/codys_digital_camera.gbapal
tools/gbagfx/gbagfx graphics/evidence_profile_pictures/evidence/codys_steel_samurai_scrapbook.png graphics/evidence_profile_pictures/evidence/codys_steel_samurai_scrapbook.4bpp
tools/gbagfx/gbagfx graphics/evidence_profile_pictures/evidence/codys_steel_samurai_scrapbook.png graphics/evidence_profile_pictures/evidence/codys_steel_samurai_scrapbook.gbapal
tools/gbagfx/gbagfx graphics/evidence_profile_pictures/evidence/dl-6_bullet.png graphics/evidence_profile_pictures/evidence/dl-6_bullet.4bpp
tools/gbagfx/gbagfx graphics/evidence_profile_pictures/evidence/dl-6_bullet.png graphics/evidence_profile_pictures/evidence/dl-6_bullet.gbapal
tools/gbagfx/gbagfx graphics/evidence_profile_pictures/evidence/empty_bottle.png graphics/evidence_profile_pictures/evidence/empty_bottle.4bpp
tools/gbagfx/gbagfx graphics/evidence_profile_pictures/evidence/empty_bottle.png graphics/evidence_profile_pictures/evidence/empty_bottle.gbapal
tools/gbagfx/gbagfx graphics/evidence_profile_pictures/evidence/empty_plate.png graphics/evidence_profile_pictures/evidence/empty_plate.4bpp
tools/gbagfx/gbagfx graphics/evidence_profile_pictures/evidence/empty_plate.png graphics/evidence_profile_pictures/evidence/empty_plate.gbapal
tools/gbagfx/gbagfx graphics/evidence_profile_pictures/evidence/firecrackers.png graphics/evidence_profile_pictures/evidence/firecrackers.4bpp
tools/gbagfx/gbagfx graphics/evidence_profile_pictures/evidence/firecrackers.png graphics/evidence_profile_pictures/evidence/firecrackers.gbapal
tools/gbagfx/gbagfx graphics/evidence_profile_pictures/evidence/fishing_pole.png graphics/evidence_profile_pictures/evidence/fishing_pole.4bpp
tools/gbagfx/gbagfx graphics/evidence_profile_pictures/evidence/fishing_pole.png graphics/evidence_profile_pictures/evidence/fishing_pole.gbapal
tools/gbagfx/gbagfx graphics/evidence_profile_pictures/evidence/generic_affidavit.png graphics/evidence_profile_pictures/evidence/generic_affidavit.4bpp
tools/gbagfx/gbagfx graphics/evidence_profile_pictures/evidence/generic_affidavit.png graphics/evidence_profile_pictures/evidence/generic_affidavit.gbapal
tools/gbagfx/gbagfx graphics/evidence_profile_pictures/evidence/generic_autopsy_report.png graphics/evidence_profile_pictures/evidence/generic_autopsy_report.4bpp
tools/gbagfx/gbagfx graphics/evidence_profile_pictures/evidence/generic_autopsy_report.png graphics/evidence_profile_pictures/evidence/generic_autopsy_report.gbapal
tools/gbagfx/gbagfx graphics/evidence_profile_pictures/evidence/generic_letter.png graphics/evidence_profile_pictures/evidence/generic_letter.4bpp
tools/gbagfx/gbagfx graphics/evidence_profile_pictures/evidence/generic_letter.png graphics/evidence_profile_pictures/evidence/generic_letter.gbapal
tools/gbagfx/gbagfx graphics/evidence_profile_pictures/evidence/generic_newspaper_clipping.png graphics/evidence_profile_pictures/evidence/generic_newspaper_clipping.4bpp
tools/gbagfx/gbagfx graphics/evidence_profile_pictures/evidence/generic_newspaper_clipping.png graphics/evidence_profile_pictures/evidence/generic_newspaper_clipping.gbapal
tools/gbagfx/gbagfx graphics/evidence_profile_pictures/evidence/generic_photo.png graphics/evidence_profile_pictures/evidence/generic_photo.4bpp
tools/gbagfx/gbagfx graphics/evidence_profile_pictures/evidence/generic_photo.png graphics/evidence_profile_pictures/evidence/generic_photo.gbapal
tools/gbagfx/gbagfx graphics/evidence_profile_pictures/evidence/glass_shards.png graphics/evidence_profile_pictures/evidence/glass_shards.4bpp
tools/gbagfx/gbagfx graphics/evidence_profile_pictures/evidence/glass_shards.png graphics/evidence_profile_pictures/evidence/glass_shards.gbapal
tools/gbagfx/gbagfx graphics/evidence_profile_pictures/evidence/global_studios_card_key.png graphics/evidence_profile_pictures/evidence/global_studios_card_key.4bpp
tools/gbagfx/gbagfx graphics/evidence_profile_pictures/evidence/global_studios_card_key.png graphics/evidence_profile_pictures/evidence/global_studios_card_key.gbapal
tools/gbagfx/gbagfx graphics/evidence_profile_pictures/evidence/global_studios_van.png graphics/evidence_profile_pictures/evidence/global_studios_van.4bpp
tools/gbagfx/gbagfx graphics/evidence_profile_pictures/evidence/global_studios_van.png graphics/evidence_profile_pictures/evidence/global_studios_van.gbapal
tools/gbagfx/gbagfx graphics/evidence_profile_pictures/evidence/key_to_cottage.png graphics/evidence_profile_pictures/evidence/key_to_cottage.4bpp
tools/gbagfx/gbagfx graphics/evidence_profile_pictures/evidence/key_to_cottage.png graphics/evidence_profile_pictures/evidence/key_to_cottage.gbapal
tools/gbagfx/gbagfx graphics/evidence_profile_pictures/evidence/lottas_camera.png graphics/evidence_profile_pictures/evidence/lottas_camera.4bpp
tools/gbagfx/gbagfx graphics/evidence_profile_pictures/evidence/lottas_camera.png graphics/evidence_profile_pictures/evidence/lottas_camera.gbapal
tools/gbagfx/gbagfx graphics/evidence_profile_pictures/evidence/maya_memo.png graphics/evidence_profile_pictures/evidence/maya_memo.4bpp
tools/gbagfx/gbagfx graphics/evidence_profile_pictures/evidence/maya_memo.png graphics/evidence_profile_pictures/evidence/maya_memo.gbapal
tools/gbagfx/gbagfx graphics/evidence_profile_pictures/evidence/mayas_cellphone.png graphics/evidence_profile_pictures/evidence/mayas_cellphone.4bpp
tools/gbagfx/gbagfx graphics/evidence_profile_pictures/evidence/mayas_cellphone.png graphics/evidence_profile_pictures/evidence/mayas_cellphone.gbapal
tools/gbagfx/gbagfx graphics/evidence_profile_pictures/evidence/metal_detector.png graphics/evidence_profile_pictures/evidence/metal_detector.4bpp
tools/gbagfx/gbagfx graphics/evidence_profile_pictures/evidence/metal_detector.png graphics/evidence_profile_pictures/evidence/metal_detector.gbapal
tools/gbagfx/gbagfx graphics/evidence_profile_pictures/evidence/missile.png graphics/evidence_profile_pictures/evidence/missile.4bpp
tools/gbagfx/gbagfx graphics/evidence_profile_pictures/evidence/missile.png graphics/evidence_profile_pictures/evidence/missile.gbapal
tools/gbagfx/gbagfx graphics/evidence_profile_pictures/evidence/missile_angry.png graphics/evidence_profile_pictures/evidence/missile_angry.4bpp
tools/gbagfx/gbagfx graphics/evidence_profile_pictures/evidence/missile_angry.png graphics/evidence_profile_pictures/evidence/missile_angry.gbapal
tools/gbagfx/gbagfx graphics/evidence_profile_pictures/evidence/mr_monkey.png graphics/evidence_profile_pictures/evidence/mr_monkey.4bpp
tools/gbagfx/gbagfx graphics/evidence_profile_pictures/evidence/mr_monkey.png graphics/evidence_profile_pictures/evidence/mr_monkey.gbapal
tools/gbagfx/gbagfx graphics/evidence_profile_pictures/evidence/note_from_the_safe.png graphics/evidence_profile_pictures/evidence/note_from_the_safe.4bpp
tools/gbagfx/gbagfx graphics/evidence_profile_pictures/evidence/note_from_the_safe.png graphics/evidence_profile_pictures/evidence/note_from_the_safe.gbapal
tools/gbagfx/gbagfx graphics/evidence_profile_pictures/evidence/phoenix_badge.png graphics/evidence_profile_pictures/evidence/phoenix_badge.4bpp
tools/gbagfx/gbagfx graphics/evidence_profile_pictures/evidence/phoenix_badge.png graphics/evidence_profile_pictures/evidence/phoenix_badge.gbapal
tools/gbagfx/gbagfx graphics/evidence_profile_pictures/evidence/pistol.png graphics/evidence_profile_pictures/evidence/pistol.4bpp
tools/gbagfx/gbagfx graphics/evidence_profile_pictures/evidence/pistol.png graphics/evidence_profile_pictures/evidence/pistol.gbapal
tools/gbagfx/gbagfx graphics/evidence_profile_pictures/evidence/plate_with_steak_bones.png graphics/evidence_profile_pictures/evidence/plate_with_steak_bones.4bpp
tools/gbagfx/gbagfx graphics/evidence_profile_pictures/evidence/plate_with_steak_bones.png graphics/evidence_profile_pictures/evidence/plate_with_steak_bones.gbapal
tools/gbagfx/gbagfx graphics/evidence_profile_pictures/evidence/polly.png graphics/evidence_profile_pictures/evidence/polly.4bpp
tools/gbagfx/gbagfx graphics/evidence_profile_pictures/evidence/polly.png graphics/evidence_profile_pictures/evidence/polly.gbapal
tools/gbagfx/gbagfx graphics/evidence_profile_pictures/evidence/steel_samurai_cards.png graphics/evidence_profile_pictures/evidence/steel_samurai_cards.4bpp
tools/gbagfx/gbagfx graphics/evidence_profile_pictures/evidence/steel_samurai_cards.png graphics/evidence_profile_pictures/evidence/steel_samurai_cards.gbapal
tools/gbagfx/gbagfx graphics/evidence_profile_pictures/evidence/steel_samurai_script.png graphics/evidence_profile_pictures/evidence/steel_samurai_script.4bpp
tools/gbagfx/gbagfx graphics/evidence_profile_pictures/evidence/steel_samurai_script.png graphics/evidence_profile_pictures/evidence/steel_samurai_script.gbapal
tools/gbagfx/gbagfx graphics/evidence_profile_pictures/evidence/steel_samurai_spear.png graphics/evidence_profile_pictures/evidence/steel_samurai_spear.4bpp
tools/gbagfx/gbagfx graphics/evidence_profile_pictures/evidence/steel_samurai_spear.png graphics/evidence_profile_pictures/evidence/steel_samurai_spear.gbapal
tools/gbagfx/gbagfx graphics/evidence_profile_pictures/evidence/steel_samurai_ultra_rare_card.png graphics/evidence_profile_pictures/evidence/steel_samurai_ultra_rare_card.4bpp
tools/gbagfx/gbagfx graphics/evidence_profile_pictures/evidence/steel_samurai_ultra_rare_card.png graphics/evidence_profile_pictures/evidence/steel_samurai_ultra_rare_card.gbapal
tools/gbagfx/gbagfx graphics/evidence_profile_pictures/evidence/the_thinker.png graphics/evidence_profile_pictures/evidence/the_thinker.4bpp
tools/gbagfx/gbagfx graphics/evidence_profile_pictures/evidence/the_thinker.png graphics/evidence_profile_pictures/evidence/the_thinker.gbapal
tools/gbagfx/gbagfx graphics/evidence_profile_pictures/evidence/wiretap.png graphics/evidence_profile_pictures/evidence/wiretap.4bpp
tools/gbagfx/gbagfx graphics/evidence_profile_pictures/evidence/wiretap.png graphics/evidence_profile_pictures/evidence/wiretap.gbapal
tools/gbagfx/gbagfx graphics/evidence_profile_pictures/evidence/yannis_safe.png graphics/evidence_profile_pictures/evidence/yannis_safe.4bpp
tools/gbagfx/gbagfx graphics/evidence_profile_pictures/evidence/yannis_safe.png graphics/evidence_profile_pictures/evidence/yannis_safe.gbapal
tools/gbagfx/gbagfx graphics/evidence_profile_pictures/profiles/april_may.png graphics/evidence_profile_pictures/profiles/april_may.4bpp
tools/gbagfx/gbagfx graphics/evidence_profile_pictures/profiles/april_may.png graphics/evidence_profile_pictures/profiles/april_may.gbapal
tools/gbagfx/gbagfx graphics/evidence_profile_pictures/profiles/bellboy.png graphics/evidence_profile_pictures/profiles/bellboy.4bpp
tools/gbagfx/gbagfx graphics/evidence_profile_pictures/profiles/bellboy.png graphics/evidence_profile_pictures/profiles/bellboy.gbapal
tools/gbagfx/gbagfx graphics/evidence_profile_pictures/profiles/cindy_stone.png graphics/evidence_profile_pictures/profiles/cindy_stone.4bpp
tools/gbagfx/gbagfx graphics/evidence_profile_pictures/profiles/cindy_stone.png graphics/evidence_profile_pictures/profiles/cindy_stone.gbapal
tools/gbagfx/gbagfx graphics/evidence_profile_pictures/profiles/cody_hackins.png graphics/evidence_profile_pictures/profiles/cody_hackins.4bpp
tools/gbagfx/gbagfx graphics/evidence_profile_pictures/profiles/cody_hackins.png graphics/evidence_profile_pictures/profiles/cody_hackins.gbapal
tools/gbagfx/gbagfx graphics/evidence_profile_pictures/profiles/dee_vasquez.png graphics/evidence_profile_pictures/profiles/dee_vasquez.4bpp
tools/gbagfx/gbagfx graphics/evidence_profile_pictures/profiles/dee_vasquez.png graphics/evidence_profile_pictures/profiles/dee_vasquez.gbapal
tools/gbagfx/gbagfx graphics/evidence_profile_pictures/profiles/dick_gumshoe.png graphics/evidence_profile_pictures/profiles/dick_gumshoe.4bpp
tools/gbagfx/gbagfx graphics/evidence_profile_pictures/profiles/dick_gumshoe.png graphics/evidence_profile_pictures/profiles/dick_gumshoe.gbapal
tools/gbagfx/gbagfx graphics/evidence_profile_pictures/profiles/frank_sahwit.png graphics/evidence_profile_pictures/profiles/frank_sahwit.4bpp
tools/gbagfx/gbagfx graphics/evidence_profile_pictures/profiles/frank_sahwit.png graphics/evidence_profile_pictures/profiles/frank_sahwit.gbapal
tools/gbagfx/gbagfx graphics/evidence_profile_pictures/profiles/gregory_edgeworth.png graphics/evidence_profile_pictures/profiles/gregory_edgeworth.4bpp
tools/gbagfx/gbagfx graphics/evidence_profile_pictures/profiles/gregory_edgeworth.png graphics/evidence_profile_pictures/profiles/gregory_edgeworth.gbapal
tools/gbagfx/gbagfx graphics/evidence_profile_pictures/profiles/jack_hammer.png graphics/evidence_profile_pictures/profiles/jack_hammer.4bpp
tools/gbagfx/gbagfx graphics/evidence_profile_pictures/profiles/jack_hammer.png graphics/evidence_profile_pictures/profiles/jack_hammer.gbapal
tools/gbagfx/gbagfx graphics/evidence_profile_pictures/profiles/larry_butz.png graphics/evidence_profile_pictures/profiles/larry_butz.4bpp
tools/gbagfx/gbagfx graphics/evidence_profile_pictures/profiles/larry_butz.png graphics/evidence_profile_pictures/profiles/larry_butz.gbapal
tools/gbagfx/gbagfx graphics/evidence_profile_pictures/profiles/lotta_hart.png graphics/evidence_profile_pictures/profiles/lotta_hart.4bpp
tools/gbagfx/gbagfx graphics/evidence_profile_pictures/profiles/lotta_hart.png graphics/evidence_profile_pictures/profiles/lotta_hart.gbapal
tools/gbagfx/gbagfx graphics/evidence_profile_pictures/profiles/manfred_von_karma.png graphics/evidence_profile_pictures/profiles/manfred_von_karma.4bpp
tools/gbagfx/gbagfx graphics/evidence_profile_pictures/profiles/manfred_von_karma.png graphics/evidence_profile_pictures/profiles/manfred_von_karma.gbapal
tools/gbagfx/gbagfx graphics/evidence_profile_pictures/profiles/marvin_grossberg.png graphics/evidence_profile_pictures/profiles/marvin_grossberg.4bpp
tools/gbagfx/gbagfx graphics/evidence_profile_pictures/profiles/marvin_grossberg.png graphics/evidence_profile_pictures/profiles/marvin_grossberg.gbapal
tools/gbagfx/gbagfx graphics/evidence_profile_pictures/profiles/maya_fey.png graphics/evidence_profile_pictures/profiles/maya_fey.4bpp
tools/gbagfx/gbagfx graphics/evidence_profile_pictures/profiles/maya_fey.png graphics/evidence_profile_pictures/profiles/maya_fey.gbapal
tools/gbagfx/gbagfx graphics/evidence_profile_pictures/profiles/mia_fey.png graphics/evidence_profile_pictures/profiles/mia_fey.4bpp
tools/gbagfx/gbagfx graphics/evidence_profile_pictures/profiles/mia_fey.png graphics/evidence_profile_pictures/profiles/mia_fey.gbapal
tools/gbagfx/gbagfx graphics/evidence_profile_pictures/profiles/miles_edgeworth.png graphics/evidence_profile_pictures/profiles/miles_edgeworth.4bpp
tools/gbagfx/gbagfx graphics/evidence_profile_pictures/profiles/miles_edgeworth.png graphics/evidence_profile_pictures/profiles/miles_edgeworth.gbapal
tools/gbagfx/gbagfx graphics/evidence_profile_pictures/profiles/misty_fey.png graphics/evidence_profile_pictures/profiles/misty_fey.4bpp
tools/gbagfx/gbagfx graphics/evidence_profile_pictures/profiles/misty_fey.png graphics/evidence_profile_pictures/profiles/misty_fey.gbapal
tools/gbagfx/gbagfx graphics/evidence_profile_pictures/profiles/old_man.png graphics/evidence_profile_pictures/profiles/old_man.4bpp
tools/gbagfx/gbagfx graphics/evidence_profile_pictures/profiles/old_man.png graphics/evidence_profile_pictures/profiles/old_man.gbapal
tools/gbagfx/gbagfx graphics/evidence_profile_pictures/profiles/penny_nichols.png graphics/evidence_profile_pictures/profiles/penny_nichols.4bpp
tools/gbagfx/gbagfx graphics/evidence_profile_pictures/profiles/penny_nichols.png graphics/evidence_profile_pictures/profiles/penny_nichols.gbapal
tools/gbagfx/gbagfx graphics/evidence_profile_pictures/profiles/redd_white.png graphics/evidence_profile_pictures/profiles/redd_white.4bpp
tools/gbagfx/gbagfx graphics/evidence_profile_pictures/profiles/redd_white.png graphics/evidence_profile_pictures/profiles/redd_white.gbapal
tools/gbagfx/gbagfx graphics/evidence_profile_pictures/profiles/robert_hammond.png graphics/evidence_profile_pictures/profiles/robert_hammond.4bpp
tools/gbagfx/gbagfx graphics/evidence_profile_pictures/profiles/robert_hammond.png graphics/evidence_profile_pictures/profiles/robert_hammond.gbapal
tools/gbagfx/gbagfx graphics/evidence_profile_pictures/profiles/sal_manella.png graphics/evidence_profile_pictures/profiles/sal_manella.4bpp
tools/gbagfx/gbagfx graphics/evidence_profile_pictures/profiles/sal_manella.png graphics/evidence_profile_pictures/profiles/sal_manella.gbapal
tools/gbagfx/gbagfx graphics/evidence_profile_pictures/profiles/wendy_oldbag.png graphics/evidence_profile_pictures/profiles/wendy_oldbag.4bpp
tools/gbagfx/gbagfx graphics/evidence_profile_pictures/profiles/wendy_oldbag.png graphics/evidence_profile_pictures/profiles/wendy_oldbag.gbapal
tools/gbagfx/gbagfx graphics/evidence_profile_pictures/profiles/will_powers.png graphics/evidence_profile_pictures/profiles/will_powers.4bpp
tools/gbagfx/gbagfx graphics/evidence_profile_pictures/profiles/will_powers.png graphics/evidence_profile_pictures/profiles/will_powers.gbapal
tools/gbagfx/gbagfx graphics/evidence_profile_pictures/profiles/winston_payne.png graphics/evidence_profile_pictures/profiles/winston_payne.4bpp
tools/gbagfx/gbagfx graphics/evidence_profile_pictures/profiles/winston_payne.png graphics/evidence_profile_pictures/profiles/winston_payne.gbapal
tools/gbagfx/gbagfx graphics/from_save_or_beginning_options.png graphics/from_save_or_beginning_options.4bpp -mwidth 8 -mheight 4
tools/gbagfx/gbagfx graphics/location_choices/001FD96C.png graphics/location_choices/001FD96C.4bpp -mwidth 8 -mheight 4
tools/gbagfx/gbagfx graphics/location_choices/001FE16C.png graphics/location_choices/001FE16C.4bpp -mwidth 8 -mheight 4
tools/gbagfx/gbagfx graphics/location_choices/001FE96C.png graphics/location_choices/001FE96C.4bpp -mwidth 8 -mheight 4
tools/gbagfx/gbagfx graphics/location_choices/001FF16C.png graphics/location_choices/001FF16C.4bpp -mwidth 8 -mheight 4
tools/gbagfx/gbagfx graphics/location_choices/001FF96C.png graphics/location_choices/001FF96C.4bpp -mwidth 8 -mheight 4
tools/gbagfx/gbagfx graphics/location_choices/0020016C.png graphics/location_choices/0020016C.4bpp -mwidth 8 -mheight 4
tools/gbagfx/gbagfx graphics/location_choices/0020096C.png graphics/location_choices/0020096C.4bpp -mwidth 8 -mheight 4
tools/gbagfx/gbagfx graphics/location_choices/0020116C.png graphics/location_choices/0020116C.4bpp -mwidth 8 -mheight 4
tools/gbagfx/gbagfx graphics/location_choices/0020196C.png graphics/location_choices/0020196C.4bpp -mwidth 8 -mheight 4
tools/gbagfx/gbagfx graphics/location_choices/0020216C.png graphics/location_choices/0020216C.4bpp -mwidth 8 -mheight 4
tools/gbagfx/gbagfx graphics/location_choices/0020296C.png graphics/location_choices/0020296C.4bpp -mwidth 8 -mheight 4
tools/gbagfx/gbagfx graphics/location_choices/0020316C.png graphics/location_choices/0020316C.4bpp -mwidth 8 -mheight 4
tools/gbagfx/gbagfx graphics/location_choices/0020396C.png graphics/location_choices/0020396C.4bpp -mwidth 8 -mheight 4
tools/gbagfx/gbagfx graphics/location_choices/0020416C.png graphics/location_choices/0020416C.4bpp -mwidth 8 -mheight 4
tools/gbagfx/gbagfx graphics/location_choices/0020496C.png graphics/location_choices/0020496C.4bpp -mwidth 8 -mheight 4
tools/gbagfx/gbagfx graphics/location_choices/0020516C.png graphics/location_choices/0020516C.4bpp -mwidth 8 -mheight 4
tools/gbagfx/gbagfx graphics/location_choices/0020596C.png graphics/location_choices/0020596C.4bpp -mwidth 8 -mheight 4
tools/gbagfx/gbagfx graphics/location_choices/0020616C.png graphics/location_choices/0020616C.4bpp -mwidth 8 -mheight 4
tools/gbagfx/gbagfx graphics/location_choices/0020696C.png graphics/location_choices/0020696C.4bpp -mwidth 8 -mheight 4
tools/gbagfx/gbagfx graphics/location_choices/0020716C.png graphics/location_choices/0020716C.4bpp -mwidth 8 -mheight 4
tools/gbagfx/gbagfx graphics/location_choices/0020796C.png graphics/location_choices/0020796C.4bpp -mwidth 8 -mheight 4
tools/gbagfx/gbagfx graphics/map_markers/case2_mia_body.png graphics/map_markers/case2_mia_body.4bpp
tools/gbagfx/gbagfx graphics/map_markers/case2_thinker.png graphics/map_markers/case2_thinker.4bpp
tools/gbagfx/gbagfx graphics/map_markers/case3_employee_area.png graphics/map_markers/case3_employee_area.4bpp
tools/gbagfx/gbagfx graphics/map_markers/case3_gate.png graphics/map_markers/case3_gate.4bpp
tools/gbagfx/gbagfx graphics/map_markers/case3_main_gate.png graphics/map_markers/case3_main_gate.4bpp
tools/gbagfx/gbagfx graphics/map_markers/case3_studio_1.png graphics/map_markers/case3_studio_1.4bpp
tools/gbagfx/gbagfx graphics/map_markers/case3_studio_2.png graphics/map_markers/case3_studio_2.4bpp
tools/gbagfx/gbagfx graphics/map_markers/case4_boat_horizontal.png graphics/map_markers/case4_boat_horizontal.4bpp
tools/gbagfx/gbagfx graphics/map_markers/case4_boat_rental_shop.png graphics/map_markers/case4_boat_rental_shop.4bpp
tools/gbagfx/gbagfx graphics/map_markers/case4_boat_vertical.png graphics/map_markers/case4_boat_vertical.4bpp
tools/gbagfx/gbagfx graphics/map_markers/case4_lotta_suv.png graphics/map_markers/case4_lotta_suv.4bpp
tools/gbagfx/gbagfx graphics/map_markers/green.png graphics/map_markers/green.4bpp
tools/gbagfx/gbagfx graphics/map_markers/killer.png graphics/map_markers/killer.4bpp
tools/gbagfx/gbagfx graphics/map_markers/palette.pal graphics/map_markers/palette.gbapal
tools/gbagfx/gbagfx graphics/map_markers/victim.png graphics/map_markers/victim.4bpp
tools/gbagfx/gbagfx graphics/save_yes_no.png graphics/save_yes_no.4bpp
tools/gbagfx/gbagfx graphics/speedlines_first_and_last_columns.png graphics/speedlines_first_and_last_columns.4bpp -mwidth 1 -mheight 20
tools/gbagfx/gbagfx graphics/striped_images/backgrounds/bluecorp_ceo_office.png graphics/striped_images/backgrounds/bluecorp_ceo_office.8bpp.striped
tools/gbagfx/gbagfx graphics/striped_images/backgrounds/court/co_counsel.png graphics/striped_images/backgrounds/court/co_counsel.8bpp.striped
tools/gbagfx/gbagfx graphics/striped_images/backgrounds/court/court_room.png graphics/striped_images/backgrounds/court/court_room.8bpp.striped
tools/gbagfx/gbagfx graphics/striped_images/backgrounds/court/defendant_lobby.png graphics/striped_images/backgrounds/court/defendant_lobby.8bpp.striped
tools/gbagfx/gbagfx graphics/striped_images/backgrounds/court/defense_bench.png graphics/striped_images/backgrounds/court/defense_bench.4bpp.striped
tools/gbagfx/gbagfx graphics/striped_images/backgrounds/court/judge_seat.png graphics/striped_images/backgrounds/court/judge_seat.8bpp.striped
tools/gbagfx/gbagfx graphics/striped_images/backgrounds/court/prosecution_bench.png graphics/striped_images/backgrounds/court/prosecution_bench.4bpp.striped
tools/gbagfx/gbagfx graphics/striped_images/backgrounds/court/witness_stand.png graphics/striped_images/backgrounds/court/witness_stand.4bpp.striped
tools/gbagfx/gbagfx graphics/striped_images/backgrounds/cutscenes/case1/cindy_and_frank.png graphics/striped_images/backgrounds/cutscenes/case1/cindy_and_frank.8bpp.striped
tools/gbagfx/gbagfx graphics/striped_images/backgrounds/cutscenes/case1/cindy_dead_on_floor.png graphics/striped_images/backgrounds/cutscenes/case1/cindy_dead_on_floor.8bpp.striped
tools/gbagfx/gbagfx graphics/striped_images/backgrounds/cutscenes/case1/frank_closeup_1.png graphics/striped_images/backgrounds/cutscenes/case1/frank_closeup_1.8bpp.striped
tools/gbagfx/gbagfx graphics/striped_images/backgrounds/cutscenes/case1/frank_closeup_2.png graphics/striped_images/backgrounds/cutscenes/case1/frank_closeup_2.8bpp.striped
tools/gbagfx/gbagfx graphics/striped_images/backgrounds/cutscenes/case1/frank_closeup_3.png graphics/striped_images/backgrounds/cutscenes/case1/frank_closeup_3.8bpp.striped
tools/gbagfx/gbagfx graphics/striped_images/backgrounds/cutscenes/case1/frank_holding_thinker.png graphics/striped_images/backgrounds/cutscenes/case1/frank_holding_thinker.8bpp.striped
tools/gbagfx/gbagfx graphics/striped_images/backgrounds/cutscenes/case2/april_calling_police.png graphics/striped_images/backgrounds/cutscenes/case2/april_calling_police.8bpp.striped
tools/gbagfx/gbagfx graphics/striped_images/backgrounds/cutscenes/case2/maya_seeing_dead_mia.png graphics/striped_images/backgrounds/cutscenes/case2/maya_seeing_dead_mia.8bpp.striped
tools/gbagfx/gbagfx graphics/striped_images/backgrounds/cutscenes/case2/mia_being_attacked.png graphics/striped_images/backgrounds/cutscenes/case2/mia_being_attacked.8bpp.striped
tools/gbagfx/gbagfx graphics/striped_images/backgrounds/cutscenes/case2/phoenix_maya_mia.png graphics/striped_images/backgrounds/cutscenes/case2/phoenix_maya_mia.8bpp.striped
tools/gbagfx/gbagfx graphics/striped_images/backgrounds/cutscenes/case2/redd_hitting_mia.png graphics/striped_images/backgrounds/cutscenes/case2/redd_hitting_mia.8bpp.striped
tools/gbagfx/gbagfx graphics/striped_images/backgrounds/cutscenes/case2/redd_holding_thinker.png graphics/striped_images/backgrounds/cutscenes/case2/redd_holding_thinker.4bpp.striped
tools/gbagfx/gbagfx graphics/striped_images/backgrounds/cutscenes/case3/pink_princess.png graphics/striped_images/backgrounds/cutscenes/case3/pink_princess.8bpp.striped
tools/gbagfx/gbagfx graphics/striped_images/backgrounds/cutscenes/case3/steel_samurai.png graphics/striped_images/backgrounds/cutscenes/case3/steel_samurai.8bpp.striped
tools/gbagfx/gbagfx graphics/striped_images/backgrounds/detention_center.png graphics/striped_images/backgrounds/detention_center.8bpp.striped
tools/gbagfx/gbagfx graphics/striped_images/backgrounds/evidence/dl6_case_file_page_1.png graphics/striped_images/backgrounds/evidence/dl6_case_file_page_1.4bpp.striped
tools/gbagfx/gbagfx graphics/striped_images/backgrounds/evidence/dl6_case_file_page_2.png graphics/striped_images/backgrounds/evidence/dl6_case_file_page_2.4bpp.striped
tools/gbagfx/gbagfx graphics/striped_images/backgrounds/evidence/dl6_case_file_page_3.png graphics/striped_images/backgrounds/evidence/dl6_case_file_page_3.4bpp.striped
tools/gbagfx/gbagfx graphics/striped_images/backgrounds/evidence/fey_co_diagram.png graphics/striped_images/backgrounds/evidence/fey_co_diagram.4bpp.striped
tools/gbagfx/gbagfx graphics/striped_images/backgrounds/evidence/fey_co_diagram_light.png graphics/striped_images/backgrounds/evidence/fey_co_diagram_light.4bpp.striped
tools/gbagfx/gbagfx graphics/striped_images/backgrounds/evidence/global_studio_diagram.png graphics/striped_images/backgrounds/evidence/global_studio_diagram.4bpp.striped
tools/gbagfx/gbagfx graphics/striped_images/backgrounds/evidence/maya_phone_call_page_1.png graphics/striped_images/backgrounds/evidence/maya_phone_call_page_1.4bpp.striped
tools/gbagfx/gbagfx graphics/striped_images/backgrounds/evidence/maya_phone_call_page_2.png graphics/striped_images/backgrounds/evidence/maya_phone_call_page_2.4bpp.striped
tools/gbagfx/gbagfx graphics/striped_images/backgrounds/evidence/maya_phone_call_page_3.png graphics/striped_images/backgrounds/evidence/maya_phone_call_page_3.4bpp.striped
tools/gbagfx/gbagfx graphics/striped_images/backgrounds/gatewater_hotelroom.png graphics/striped_images/backgrounds/gatewater_hotelroom.8bpp.striped
tools/gbagfx/gbagfx graphics/striped_images/backgrounds/gavel/1.png graphics/striped_images/backgrounds/gavel/1.8bpp.striped
tools/gbagfx/gbagfx graphics/striped_images/backgrounds/gavel/2.png graphics/striped_images/backgrounds/gavel/2.8bpp.striped
tools/gbagfx/gbagfx graphics/striped_images/backgrounds/gavel/3.png graphics/striped_images/backgrounds/gavel/3.8bpp.striped
tools/gbagfx/gbagfx graphics/striped_images/backgrounds/global_studios/front_gate.png graphics/striped_images/backgrounds/global_studios/front_gate.8bpp.striped
tools/gbagfx/gbagfx graphics/striped_images/backgrounds/global_studios/monkey_on_studio_2_path.png graphics/striped_images/backgrounds/global_studios/monkey_on_studio_2_path.8bpp.striped
tools/gbagfx/gbagfx graphics/striped_images/backgrounds/global_studios/staff_area.png graphics/striped_images/backgrounds/global_studios/staff_area.8bpp.striped
tools/gbagfx/gbagfx graphics/striped_images/backgrounds/global_studios/studio_1.png graphics/striped_images/backgrounds/global_studios/studio_1.8bpp.striped
tools/gbagfx/gbagfx graphics/striped_images/backgrounds/global_studios/studio_2.png graphics/striped_images/backgrounds/global_studios/studio_2.8bpp.striped
tools/gbagfx/gbagfx graphics/striped_images/backgrounds/global_studios/studio_2_trailer.png graphics/striped_images/backgrounds/global_studios/studio_2_trailer.8bpp.striped
tools/gbagfx/gbagfx graphics/striped_images/backgrounds/global_studios/studio_2_trailer_mafia.png graphics/striped_images/backgrounds/global_studios/studio_2_trailer_mafia.8bpp.striped
tools/gbagfx/gbagfx graphics/striped_images/backgrounds/global_studios/studio_path.png graphics/striped_images/backgrounds/global_studios/studio_path.8bpp.striped
tools/gbagfx/gbagfx graphics/striped_images/backgrounds/global_studios/will_power_dressing_room.png graphics/striped_images/backgrounds/global_studios/will_power_dressing_room.8bpp.striped
tools/gbagfx/gbagfx graphics/striped_images/backgrounds/grossberg_law_offices/grossberg_law_offices_no_painting.png graphics/striped_images/backgrounds/grossberg_law_offices/grossberg_law_offices_no_painting.8bpp.striped
tools/gbagfx/gbagfx graphics/striped_images/backgrounds/grossberg_law_offices/grossberg_law_offices_painting.png graphics/striped_images/backgrounds/grossberg_law_offices/grossberg_law_offices_painting.8bpp.striped
tools/gbagfx/gbagfx graphics/striped_images/backgrounds/witness_account/5_year_old_photo.png graphics/striped_images/backgrounds/witness_account/5_year_old_photo.4bpp.striped
tools/gbagfx/gbagfx graphics/striped_images/backgrounds/witness_account/april_getting_room_service.png graphics/striped_images/backgrounds/witness_account/april_getting_room_service.4bpp.striped
tools/gbagfx/gbagfx graphics/striped_images/backgrounds/witness_account/cindy_finding_frank.png graphics/striped_images/backgrounds/witness_account/cindy_finding_frank.4bpp.striped
tools/gbagfx/gbagfx graphics/striped_images/backgrounds/witness_account/cody_witnessing_samurai.png graphics/striped_images/backgrounds/witness_account/cody_witnessing_samurai.4bpp.striped
tools/gbagfx/gbagfx graphics/striped_images/backgrounds/witness_account/frank_finding_cindy.png graphics/striped_images/backgrounds/witness_account/frank_finding_cindy.4bpp.striped
tools/gbagfx/gbagfx graphics/striped_images/backgrounds/witness_account/frank_witnessing_larry.png graphics/striped_images/backgrounds/witness_account/frank_witnessing_larry.4bpp.striped
tools/gbagfx/gbagfx graphics/striped_images/backgrounds/witness_account/jack_at_gate_photo.png graphics/striped_images/backgrounds/witness_account/jack_at_gate_photo.4bpp.striped
tools/gbagfx/gbagfx graphics/striped_images/backgrounds/witness_account/jack_dead_at_studio_1.png graphics/striped_images/backgrounds/witness_account/jack_dead_at_studio_1.4bpp.striped
tools/gbagfx/gbagfx graphics/striped_images/backgrounds/witness_account/jack_wearing_samurai_suit.png graphics/striped_images/backgrounds/witness_account/jack_wearing_samurai_suit.4bpp.striped
tools/gbagfx/gbagfx graphics/striped_images/backgrounds/witness_account/mia_dodging_left.png graphics/striped_images/backgrounds/witness_account/mia_dodging_left.4bpp.striped
tools/gbagfx/gbagfx graphics/striped_images/backgrounds/witness_account/mia_dodging_right.png graphics/striped_images/backgrounds/witness_account/mia_dodging_right.4bpp.striped
tools/gbagfx/gbagfx graphics/striped_images/backgrounds/witness_account/samurai_at_studio_2_photo.png graphics/striped_images/backgrounds/witness_account/samurai_at_studio_2_photo.4bpp.striped
tools/gbagfx/gbagfx graphics/striped_images/backgrounds/witness_account/staff_eating_lunch.png graphics/striped_images/backgrounds/witness_account/staff_eating_lunch.4bpp.striped
tools/gbagfx/gbagfx graphics/striped_images/backgrounds/witness_account/studio_2_jack_and_vasquez.png graphics/striped_images/backgrounds/witness_account/studio_2_jack_and_vasquez.4bpp.striped
tools/gbagfx/gbagfx graphics/striped_images/backgrounds/witness_account/vasquez_pushing_jack_aftermath.png graphics/striped_images/backgrounds/witness_account/vasquez_pushing_jack_aftermath.4bpp.striped
tools/gbagfx/gbagfx graphics/striped_images/backgrounds/witness_account/will_power_injury.png graphics/striped_images/backgrounds/witness_account/will_power_injury.4bpp.striped
tools/gbagfx/gbagfx graphics/striped_images/backgrounds/wright_co_law_offices/fey_co_murder_night.png graphics/striped_images/backgrounds/wright_co_law_offices/fey_co_murder_night.8bpp.striped
tools/gbagfx/gbagfx graphics/striped_images/backgrounds/wright_co_law_offices/mia_dead_on_ground.png graphics/striped_images/backgrounds/wright_co_law_offices/mia_dead_on_ground.8bpp.striped
tools/gbagfx/gbagfx graphics/striped_images/backgrounds/wright_co_law_offices/office_day.png graphics/striped_images/backgrounds/wright_co_law_offices/office_day.8bpp.striped
tools/gbagfx/gbagfx graphics/striped_images/backgrounds/wright_co_law_offices/office_entry_night.png graphics/striped_images/backgrounds/wright_co_law_offices/office_entry_night.8bpp.striped
tools/gbagfx/gbagfx graphics/striped_images/capcom_screen.png graphics/striped_images/capcom_screen.4bpp.striped
tools/gbagfx/gbagfx graphics/striped_images/capcom_screen_bw.png graphics/striped_images/capcom_screen_bw.4bpp.striped
tools/gbagfx/gbagfx graphics/striped_images/case3_intro_faceoff.png graphics/striped_images/case3_intro_faceoff.4bpp.striped
tools/gbagfx/gbagfx graphics/striped_images/case3_intro_grass.png graphics/striped_images/case3_intro_grass.4bpp.striped
tools/gbagfx/gbagfx graphics/striped_images/case3_intro_steel_samurai_posing.png graphics/striped_images/case3_intro_steel_samurai_posing.4bpp.striped
tools/gbagfx/gbagfx graphics/striped_images/case3_intro_trees.png graphics/striped_images/case3_intro_trees.4bpp.striped
tools/gbagfx/gbagfx graphics/striped_images/case4_balloon_landing_in_lake.png graphics/striped_images/case4_balloon_landing_in_lake.4bpp.striped
tools/gbagfx/gbagfx graphics/striped_images/case4_balloon_launching.png graphics/striped_images/case4_balloon_launching.4bpp.striped
tools/gbagfx/gbagfx graphics/striped_images/case4_class_trial.png graphics/striped_images/case4_class_trial.8bpp.striped
tools/gbagfx/gbagfx graphics/striped_images/case4_class_trial_edgeworth.png graphics/striped_images/case4_class_trial_edgeworth.8bpp.striped
tools/gbagfx/gbagfx graphics/striped_images/case4_class_trial_larry.png graphics/striped_images/case4_class_trial_larry.8bpp.striped
tools/gbagfx/gbagfx graphics/striped_images/case4_class_trial_phoenix.png graphics/striped_images/case4_class_trial_phoenix.8bpp.striped
tools/gbagfx/gbagfx graphics/striped_images/case4_elevator_edgeworth_throw.png graphics/striped_images/case4_elevator_edgeworth_throw.4bpp.striped
tools/gbagfx/gbagfx graphics/striped_images/case4_elevator_photo.png graphics/striped_images/case4_elevator_photo.4bpp.striped
tools/gbagfx/gbagfx graphics/striped_images/case4_elevator_suffocating.png graphics/striped_images/case4_elevator_suffocating.4bpp.striped
tools/gbagfx/gbagfx graphics/striped_images/case4_elevator_vonkarma_in_door.png graphics/striped_images/case4_elevator_vonkarma_in_door.4bpp.striped
tools/gbagfx/gbagfx graphics/striped_images/case4_elevator_vonkarma_shot.png graphics/striped_images/case4_elevator_vonkarma_shot.4bpp.striped
tools/gbagfx/gbagfx graphics/striped_images/case4_gourd_lake_map.png graphics/striped_images/case4_gourd_lake_map.4bpp.striped
tools/gbagfx/gbagfx graphics/striped_images/case4_intro_edgeworth_picks_gun_up.png graphics/striped_images/case4_intro_edgeworth_picks_gun_up.8bpp.striped
tools/gbagfx/gbagfx graphics/striped_images/case4_intro_lake_one_in_boat.png graphics/striped_images/case4_intro_lake_one_in_boat.4bpp.striped
tools/gbagfx/gbagfx graphics/striped_images/case4_intro_threatened_to_shoot.png graphics/striped_images/case4_intro_threatened_to_shoot.4bpp.striped
tools/gbagfx/gbagfx graphics/striped_images/case4_larry_searching_lake.png graphics/striped_images/case4_larry_searching_lake.4bpp.striped
tools/gbagfx/gbagfx graphics/striped_images/case4_lottas_photo_far.png graphics/striped_images/case4_lottas_photo_far.4bpp.striped
tools/gbagfx/gbagfx graphics/striped_images/case4_lottas_photo_zoomed.png graphics/striped_images/case4_lottas_photo_zoomed.4bpp.striped
tools/gbagfx/gbagfx graphics/striped_images/case4_newspaper.png graphics/striped_images/case4_newspaper.8bpp.striped
tools/gbagfx/gbagfx graphics/striped_images/case4_shoot_water_from_boat.png graphics/striped_images/case4_shoot_water_from_boat.4bpp.striped
tools/gbagfx/gbagfx graphics/striped_images/case4_train_station.png graphics/striped_images/case4_train_station.8bpp.striped
tools/gbagfx/gbagfx graphics/striped_images/case4_train_station_maya_leaving.png graphics/striped_images/case4_train_station_maya_leaving.8bpp.striped
tools/gbagfx/gbagfx graphics/striped_images/case4_yanni_threatening.png graphics/striped_images/case4_yanni_threatening.4bpp.striped
tools/gbagfx/gbagfx graphics/striped_images/coming_soon_screen.png graphics/striped_images/coming_soon_screen.8bpp.striped
tools/gbagfx/gbagfx graphics/striped_images/courtroom_background.png graphics/striped_images/courtroom_background.4bpp.striped
tools/gbagfx/gbagfx graphics/striped_images/gourd_lake_beach.png graphics/striped_images/gourd_lake_beach.8bpp.striped
tools/gbagfx/gbagfx graphics/striped_images/gourd_lake_boat_rental.png graphics/striped_images/gourd_lake_boat_rental.8bpp.striped
tools/gbagfx/gbagfx graphics/striped_images/gourd_lake_boat_rental_house.png graphics/striped_images/gourd_lake_boat_rental_house.8bpp.striped
tools/gbagfx/gbagfx graphics/striped_images/gourd_lake_entrance.png graphics/striped_images/gourd_lake_entrance.8bpp.striped
tools/gbagfx/gbagfx graphics/striped_images/gourd_lake_park.png graphics/striped_images/gourd_lake_park.8bpp.striped
tools/gbagfx/gbagfx graphics/striped_images/gourd_lake_park_no_balloon.png graphics/striped_images/gourd_lake_park_no_balloon.8bpp.striped
tools/gbagfx/gbagfx graphics/striped_images/police_station_evidence_storage.png graphics/striped_images/police_station_evidence_storage.8bpp.striped
tools/gbagfx/gbagfx graphics/striped_images/police_station_lobby.png graphics/striped_images/police_station_lobby.8bpp.striped
tools/gbagfx/gbagfx graphics/striped_images/speedlines.png graphics/striped_images/speedlines.4bpp.striped
tools/gbagfx/gbagfx graphics/striped_images/steel_samurai_night.png graphics/striped_images/steel_samurai_night.4bpp.striped
tools/gbagfx/gbagfx graphics/striped_images/title_screen_demo.png graphics/striped_images/title_screen_demo.8bpp.striped
tools/gbagfx/gbagfx graphics/striped_images/trial_won.png graphics/striped_images/trial_won.8bpp.striped
tools/gbagfx/gbagfx graphics/talk_choices/0020816C.png graphics/talk_choices/0020816C.4bpp -mwidth 8 -mheight 4
tools/gbagfx/gbagfx graphics/talk_choices/0020896C.png graphics/talk_choices/0020896C.4bpp -mwidth 8 -mheight 4
tools/gbagfx/gbagfx graphics/talk_choices/0020916C.png graphics/talk_choices/0020916C.4bpp -mwidth 8 -mheight 4
tools/gbagfx/gbagfx graphics/talk_choices/0020996C.png graphics/talk_choices/0020996C.4bpp -mwidth 8 -mheight 4
tools/gbagfx/gbagfx graphics/talk_choices/0020A16C.png graphics/talk_choices/0020A16C.4bpp -mwidth 8 -mheight 4
tools/gbagfx/gbagfx graphics/talk_choices/0020A96C.png graphics/talk_choices/0020A96C.4bpp -mwidth 8 -mheight 4
tools/gbagfx/gbagfx graphics/talk_choices/0020B16C.png graphics/talk_choices/0020B16C.4bpp -mwidth 8 -mheight 4
tools/gbagfx/gbagfx graphics/talk_choices/0020B96C.png graphics/talk_choices/0020B96C.4bpp -mwidth 8 -mheight 4
tools/gbagfx/gbagfx graphics/talk_choices/0020C16C.png graphics/talk_choices/0020C16C.4bpp -mwidth 8 -mheight 4
tools/gbagfx/gbagfx graphics/talk_choices/0020C96C.png graphics/talk_choices/0020C96C.4bpp -mwidth 8 -mheight 4
tools/gbagfx/gbagfx graphics/talk_choices/0020D16C.png graphics/talk_choices/0020D16C.4bpp -mwidth 8 -mheight 4
tools/gbagfx/gbagfx graphics/talk_choices/0020D96C.png graphics/talk_choices/0020D96C.4bpp -mwidth 8 -mheight 4
tools/gbagfx/gbagfx graphics/talk_choices/0020E16C.png graphics/talk_choices/0020E16C.4bpp -mwidth 8 -mheight 4
tools/gbagfx/gbagfx graphics/talk_choices/0020E96C.png graphics/talk_choices/0020E96C.4bpp -mwidth 8 -mheight 4
tools/gbagfx/gbagfx graphics/talk_choices/0020F16C.png graphics/talk_choices/0020F16C.4bpp -mwidth 8 -mheight 4
tools/gbagfx/gbagfx graphics/talk_choices/0020F96C.png graphics/talk_choices/0020F96C.4bpp -mwidth 8 -mheight 4
tools/gbagfx/gbagfx graphics/talk_choices/0021016C.png graphics/talk_choices/0021016C.4bpp -mwidth 8 -mheight 4
tools/gbagfx/gbagfx graphics/talk_choices/0021096C.png graphics/talk_choices/0021096C.4bpp -mwidth 8 -mheight 4
tools/gbagfx/gbagfx graphics/talk_choices/0021116C.png graphics/talk_choices/0021116C.4bpp -mwidth 8 -mheight 4
tools/gbagfx/gbagfx graphics/talk_choices/0021196C.png graphics/talk_choices/0021196C.4bpp -mwidth 8 -mheight 4
tools/gbagfx/gbagfx graphics/talk_choices/0021216C.png graphics/talk_choices/0021216C.4bpp -mwidth 8 -mheight 4
tools/gbagfx/gbagfx graphics/talk_choices/0021296C.png graphics/talk_choices/0021296C.4bpp -mwidth 8 -mheight 4
tools/gbagfx/gbagfx graphics/talk_choices/0021316C.png graphics/talk_choices/0021316C.4bpp -mwidth 8 -mheight 4
tools/gbagfx/gbagfx graphics/talk_choices/0021396C.png graphics/talk_choices/0021396C.4bpp -mwidth 8 -mheight 4
tools/gbagfx/gbagfx graphics/talk_choices/0021416C.png graphics/talk_choices/0021416C.4bpp -mwidth 8 -mheight 4
tools/gbagfx/gbagfx graphics/talk_choices/0021496C.png graphics/talk_choices/0021496C.4bpp -mwidth 8 -mheight 4
tools/gbagfx/gbagfx graphics/talk_choices/0021516C.png graphics/talk_choices/0021516C.4bpp -mwidth 8 -mheight 4
tools/gbagfx/gbagfx graphics/talk_choices/0021596C.png graphics/talk_choices/0021596C.4bpp -mwidth 8 -mheight 4
tools/gbagfx/gbagfx graphics/talk_choices/0021616C.png graphics/talk_choices/0021616C.4bpp -mwidth 8 -mheight 4
tools/gbagfx/gbagfx graphics/talk_choices/0021696C.png graphics/talk_choices/0021696C.4bpp -mwidth 8 -mheight 4
tools/gbagfx/gbagfx graphics/talk_choices/0021716C.png graphics/talk_choices/0021716C.4bpp -mwidth 8 -mheight 4
tools/gbagfx/gbagfx graphics/talk_choices/0021796C.png graphics/talk_choices/0021796C.4bpp -mwidth 8 -mheight 4
tools/gbagfx/gbagfx graphics/talk_choices/0021816C.png graphics/talk_choices/0021816C.4bpp -mwidth 8 -mheight 4
tools/gbagfx/gbagfx graphics/talk_choices/0021896C.png graphics/talk_choices/0021896C.4bpp -mwidth 8 -mheight 4
tools/gbagfx/gbagfx graphics/talk_choices/0021916C.png graphics/talk_choices/0021916C.4bpp -mwidth 8 -mheight 4
tools/gbagfx/gbagfx graphics/talk_choices/0021996C.png graphics/talk_choices/0021996C.4bpp -mwidth 8 -mheight 4
tools/gbagfx/gbagfx graphics/talk_choices/0021A16C.png graphics/talk_choices/0021A16C.4bpp -mwidth 8 -mheight 4
tools/gbagfx/gbagfx graphics/talk_choices/0021A96C.png graphics/talk_choices/0021A96C.4bpp -mwidth 8 -mheight 4
tools/gbagfx/gbagfx graphics/talk_choices/0021B16C.png graphics/talk_choices/0021B16C.4bpp -mwidth 8 -mheight 4
tools/gbagfx/gbagfx graphics/talk_choices/0021B96C.png graphics/talk_choices/0021B96C.4bpp -mwidth 8 -mheight 4
tools/gbagfx/gbagfx graphics/talk_choices/0021C16C.png graphics/talk_choices/0021C16C.4bpp -mwidth 8 -mheight 4
tools/gbagfx/gbagfx graphics/talk_choices/0021C96C.png graphics/talk_choices/0021C96C.4bpp -mwidth 8 -mheight 4
tools/gbagfx/gbagfx graphics/talk_choices/0021D16C.png graphics/talk_choices/0021D16C.4bpp -mwidth 8 -mheight 4
tools/gbagfx/gbagfx graphics/talk_choices/0021D96C.png graphics/talk_choices/0021D96C.4bpp -mwidth 8 -mheight 4
tools/gbagfx/gbagfx graphics/talk_choices/0021E16C.png graphics/talk_choices/0021E16C.4bpp -mwidth 8 -mheight 4
tools/gbagfx/gbagfx graphics/talk_choices/0021E96C.png graphics/talk_choices/0021E96C.4bpp -mwidth 8 -mheight 4
tools/gbagfx/gbagfx graphics/talk_choices/0021F16C.png graphics/talk_choices/0021F16C.4bpp -mwidth 8 -mheight 4
tools/gbagfx/gbagfx graphics/talk_choices/0021F96C.png graphics/talk_choices/0021F96C.4bpp -mwidth 8 -mheight 4
tools/gbagfx/gbagfx graphics/talk_choices/0022016C.png graphics/talk_choices/0022016C.4bpp -mwidth 8 -mheight 4
tools/gbagfx/gbagfx graphics/talk_choices/0022096C.png graphics/talk_choices/0022096C.4bpp -mwidth 8 -mheight 4
tools/gbagfx/gbagfx graphics/talk_choices/0022116C.png graphics/talk_choices/0022116C.4bpp -mwidth 8 -mheight 4
tools/gbagfx/gbagfx graphics/talk_choices/0022196C.png graphics/talk_choices/0022196C.4bpp -mwidth 8 -mheight 4
tools/gbagfx/gbagfx graphics/talk_choices/0022216C.png graphics/talk_choices/0022216C.4bpp -mwidth 8 -mheight 4
tools/gbagfx/gbagfx graphics/talk_choices/0022296C.png graphics/talk_choices/0022296C.4bpp -mwidth 8 -mheight 4
tools/gbagfx/gbagfx graphics/talk_choices/0022316C.png graphics/talk_choices/0022316C.4bpp -mwidth 8 -mheight 4
tools/gbagfx/gbagfx graphics/talk_choices/0022396C.png graphics/talk_choices/0022396C.4bpp -mwidth 8 -mheight 4
tools/gbagfx/gbagfx graphics/talk_choices/0022416C.png graphics/talk_choices/0022416C.4bpp -mwidth 8 -mheight 4
tools/gbagfx/gbagfx graphics/talk_choices/0022496C.png graphics/talk_choices/0022496C.4bpp -mwidth 8 -mheight 4
tools/gbagfx/gbagfx graphics/talk_choices/0022516C.png graphics/talk_choices/0022516C.4bpp -mwidth 8 -mheight 4
tools/gbagfx/gbagfx graphics/talk_choices/0022596C.png graphics/talk_choices/0022596C.4bpp -mwidth 8 -mheight 4
tools/gbagfx/gbagfx graphics/talk_choices/0022616C.png graphics/talk_choices/0022616C.4bpp -mwidth 8 -mheight 4
tools/gbagfx/gbagfx graphics/talk_choices/0022696C.png graphics/talk_choices/0022696C.4bpp -mwidth 8 -mheight 4
tools/gbagfx/gbagfx graphics/talk_choices/0022716C.png graphics/talk_choices/0022716C.4bpp -mwidth 8 -mheight 4
tools/gbagfx/gbagfx graphics/talk_choices/0022796C.png graphics/talk_choices/0022796C.4bpp -mwidth 8 -mheight 4
tools/gbagfx/gbagfx graphics/talk_choices/0022816C.png graphics/talk_choices/0022816C.4bpp -mwidth 8 -mheight 4
tools/gbagfx/gbagfx graphics/talk_choices/0022896C.png graphics/talk_choices/0022896C.4bpp -mwidth 8 -mheight 4
tools/gbagfx/gbagfx graphics/talk_choices/0022916C.png graphics/talk_choices/0022916C.4bpp -mwidth 8 -mheight 4
tools/gbagfx/gbagfx graphics/talk_choices/0022996C.png graphics/talk_choices/0022996C.4bpp -mwidth 8 -mheight 4
tools/gbagfx/gbagfx graphics/talk_choices/0022A16C.png graphics/talk_choices/0022A16C.4bpp -mwidth 8 -mheight 4
tools/gbagfx/gbagfx graphics/talk_choices/0022A96C.png graphics/talk_choices/0022A96C.4bpp -mwidth 8 -mheight 4
tools/gbagfx/gbagfx graphics/talk_choices/0022B16C.png graphics/talk_choices/0022B16C.4bpp -mwidth 8 -mheight 4
tools/gbagfx/gbagfx graphics/talk_choices/0022B96C.png graphics/talk_choices/0022B96C.4bpp -mwidth 8 -mheight 4
tools/gbagfx/gbagfx graphics/talk_choices/0022C16C.png graphics/talk_choices/0022C16C.4bpp -mwidth 8 -mheight 4
tools/gbagfx/gbagfx graphics/talk_choices/0022C96C.png graphics/talk_choices/0022C96C.4bpp -mwidth 8 -mheight 4
tools/gbagfx/gbagfx graphics/talk_choices/0022D16C.png graphics/talk_choices/0022D16C.4bpp -mwidth 8 -mheight 4
tools/gbagfx/gbagfx graphics/talk_choices/0022D96C.png graphics/talk_choices/0022D96C.4bpp -mwidth 8 -mheight 4
tools/gbagfx/gbagfx graphics/talk_choices/0022E16C.png graphics/talk_choices/0022E16C.4bpp -mwidth 8 -mheight 4
tools/gbagfx/gbagfx graphics/talk_choices/0022E96C.png graphics/talk_choices/0022E96C.4bpp -mwidth 8 -mheight 4
tools/gbagfx/gbagfx graphics/talk_choices/0022F16C.png graphics/talk_choices/0022F16C.4bpp -mwidth 8 -mheight 4
tools/gbagfx/gbagfx graphics/talk_choices/0022F96C.png graphics/talk_choices/0022F96C.4bpp -mwidth 8 -mheight 4
tools/gbagfx/gbagfx graphics/talk_choices/0023016C.png graphics/talk_choices/0023016C.4bpp -mwidth 8 -mheight 4
tools/gbagfx/gbagfx graphics/talk_choices/0023096C.png graphics/talk_choices/0023096C.4bpp -mwidth 8 -mheight 4
tools/gbagfx/gbagfx graphics/talk_choices/0023116C.png graphics/talk_choices/0023116C.4bpp -mwidth 8 -mheight 4
tools/gbagfx/gbagfx graphics/talk_choices/0023196C.png graphics/talk_choices/0023196C.4bpp -mwidth 8 -mheight 4
tools/gbagfx/gbagfx graphics/talk_choices/0023216C.png graphics/talk_choices/0023216C.4bpp -mwidth 8 -mheight 4
tools/gbagfx/gbagfx graphics/talk_choices/0023296C.png graphics/talk_choices/0023296C.4bpp -mwidth 8 -mheight 4
tools/gbagfx/gbagfx graphics/talk_choices/0023316C.png graphics/talk_choices/0023316C.4bpp -mwidth 8 -mheight 4
tools/gbagfx/gbagfx graphics/talk_choices/0023396C.png graphics/talk_choices/0023396C.4bpp -mwidth 8 -mheight 4
tools/gbagfx/gbagfx graphics/talk_choices/0023416C.png graphics/talk_choices/0023416C.4bpp -mwidth 8 -mheight 4
tools/gbagfx/gbagfx graphics/talk_choices/0023496C.png graphics/talk_choices/0023496C.4bpp -mwidth 8 -mheight 4
tools/gbagfx/gbagfx graphics/talk_choices/0023516C.png graphics/talk_choices/0023516C.4bpp -mwidth 8 -mheight 4
tools/gbagfx/gbagfx graphics/talk_choices/0023596C.png graphics/talk_choices/0023596C.4bpp -mwidth 8 -mheight 4
tools/gbagfx/gbagfx graphics/talk_choices/0023616C.png graphics/talk_choices/0023616C.4bpp -mwidth 8 -mheight 4
tools/gbagfx/gbagfx graphics/talk_choices/0023696C.png graphics/talk_choices/0023696C.4bpp -mwidth 8 -mheight 4
tools/gbagfx/gbagfx graphics/talk_choices/0023716C.png graphics/talk_choices/0023716C.4bpp -mwidth 8 -mheight 4
tools/gbagfx/gbagfx graphics/talk_choices/0023796C.png graphics/talk_choices/0023796C.4bpp -mwidth 8 -mheight 4
tools/gbagfx/gbagfx graphics/talk_choices/0023816C.png graphics/talk_choices/0023816C.4bpp -mwidth 8 -mheight 4
tools/gbagfx/gbagfx graphics/talk_choices/0023896C.png graphics/talk_choices/0023896C.4bpp -mwidth 8 -mheight 4
tools/gbagfx/gbagfx graphics/talk_choices/0023916C.png graphics/talk_choices/0023916C.4bpp -mwidth 8 -mheight 4
tools/gbagfx/gbagfx graphics/talk_choices/0023996C.png graphics/talk_choices/0023996C.4bpp -mwidth 8 -mheight 4
tools/gbagfx/gbagfx graphics/talk_choices/0023A16C.png graphics/talk_choices/0023A16C.4bpp -mwidth 8 -mheight 4
tools/gbagfx/gbagfx graphics/talk_choices/0023A96C.png graphics/talk_choices/0023A96C.4bpp -mwidth 8 -mheight 4
tools/gbagfx/gbagfx graphics/talk_choices/0023B16C.png graphics/talk_choices/0023B16C.4bpp -mwidth 8 -mheight 4
tools/gbagfx/gbagfx graphics/talk_choices/0023B96C.png graphics/talk_choices/0023B96C.4bpp -mwidth 8 -mheight 4
tools/gbagfx/gbagfx graphics/talk_choices/0023C16C.png graphics/talk_choices/0023C16C.4bpp -mwidth 8 -mheight 4
tools/gbagfx/gbagfx graphics/talk_choices/0023C96C.png graphics/talk_choices/0023C96C.4bpp -mwidth 8 -mheight 4
tools/gbagfx/gbagfx graphics/talk_choices/0023D16C.png graphics/talk_choices/0023D16C.4bpp -mwidth 8 -mheight 4
tools/gbagfx/gbagfx graphics/talk_choices/0023D96C.png graphics/talk_choices/0023D96C.4bpp -mwidth 8 -mheight 4
tools/gbagfx/gbagfx graphics/talk_choices/0023E16C.png graphics/talk_choices/0023E16C.4bpp -mwidth 8 -mheight 4
tools/gbagfx/gbagfx graphics/talk_choices/0023E96C.png graphics/talk_choices/0023E96C.4bpp -mwidth 8 -mheight 4
tools/gbagfx/gbagfx graphics/talk_choices/0023F16C.png graphics/talk_choices/0023F16C.4bpp -mwidth 8 -mheight 4
tools/gbagfx/gbagfx graphics/talk_choices/0023F96C.png graphics/talk_choices/0023F96C.4bpp -mwidth 8 -mheight 4
tools/gbagfx/gbagfx graphics/talk_choices/0024016C.png graphics/talk_choices/0024016C.4bpp -mwidth 8 -mheight 4
tools/gbagfx/gbagfx graphics/talk_choices/0024096C.png graphics/talk_choices/0024096C.4bpp -mwidth 8 -mheight 4
tools/gbagfx/gbagfx graphics/talk_choices/0024116C.png graphics/talk_choices/0024116C.4bpp -mwidth 8 -mheight 4
tools/gbagfx/gbagfx graphics/talk_choices/0024196C.png graphics/talk_choices/0024196C.4bpp -mwidth 8 -mheight 4
tools/gbagfx/gbagfx graphics/talk_choices/0024216C.png graphics/talk_choices/0024216C.4bpp -mwidth 8 -mheight 4
tools/gbagfx/gbagfx graphics/talk_choices/0024296C.png graphics/talk_choices/0024296C.4bpp -mwidth 8 -mheight 4
tools/gbagfx/gbagfx graphics/talk_choices/0024316C.png graphics/talk_choices/0024316C.4bpp -mwidth 8 -mheight 4
tools/gbagfx/gbagfx graphics/talk_choices/0024396C.png graphics/talk_choices/0024396C.4bpp -mwidth 8 -mheight 4
tools/gbagfx/gbagfx graphics/talk_choices/0024416C.png graphics/talk_choices/0024416C.4bpp -mwidth 8 -mheight 4
tools/gbagfx/gbagfx graphics/talk_choices/0024496C.png graphics/talk_choices/0024496C.4bpp -mwidth 8 -mheight 4
tools/gbagfx/gbagfx graphics/talk_choices/0024516C.png graphics/talk_choices/0024516C.4bpp -mwidth 8 -mheight 4
tools/gbagfx/gbagfx graphics/talk_choices/0024596C.png graphics/talk_choices/0024596C.4bpp -mwidth 8 -mheight 4
tools/gbagfx/gbagfx graphics/talk_choices/0024616C.png graphics/talk_choices/0024616C.4bpp -mwidth 8 -mheight 4
tools/gbagfx/gbagfx graphics/title_screen.png graphics/title_screen.8bpp
tools/gbagfx/gbagfx graphics/title_screen.png graphics/title_screen.gbapal
tools/gbagfx/gbagfx graphics/title_screen_demo.png graphics/title_screen_demo.8bpp
tools/gbagfx/gbagfx graphics/title_screen_demo.png graphics/title_screen_demo.gbapal
tools/gbagfx/gbagfx graphics/ui/court_record/controller_buttons.png graphics/ui/court_record/controller_buttons.4bpp
tools/gbagfx/gbagfx graphics/ui/court_record/controls_blurb.pal graphics/ui/court_record/controls_blurb.gbapal
tools/gbagfx/gbagfx graphics/ui/court_record/evidence_text.png graphics/ui/court_record/evidence_text.4bpp -mwidth 4 -mheight 2
tools/gbagfx/gbagfx graphics/ui/court_record/present_back_text.png graphics/ui/court_record/present_back_text.4bpp
tools/gbagfx/gbagfx graphics/ui/court_record/profiles_text.png graphics/ui/court_record/profiles_text.4bpp -mwidth 4 -mheight 2
tools/gbagfx/gbagfx graphics/ui/cross_examination_ui.pal graphics/ui/cross_examination_ui.gbapal
tools/gbagfx/gbagfx graphics/ui/investigation/action_buttons.png graphics/ui/investigation/action_buttons.4bpp
tools/gbagfx/gbagfx graphics/ui/investigation/action_buttons_0.pal graphics/ui/investigation/action_buttons_0.gbapal
tools/gbagfx/gbagfx graphics/ui/investigation/action_buttons_1.pal graphics/ui/investigation/action_buttons_1.gbapal
tools/gbagfx/gbagfx graphics/ui/investigation/checkmark.png graphics/ui/investigation/checkmark.4bpp
tools/gbagfx/gbagfx graphics/ui/investigation/checkmark.png graphics/ui/investigation/checkmark.gbapal
tools/gbagfx/gbagfx graphics/ui/investigation/examine_cursor.png graphics/ui/investigation/examine_cursor.4bpp
tools/gbagfx/gbagfx graphics/ui/investigation/examine_cursor_00.pal graphics/ui/investigation/examine_cursor_00.gbapal
tools/gbagfx/gbagfx graphics/ui/investigation/examine_cursor_01.pal graphics/ui/investigation/examine_cursor_01.gbapal
tools/gbagfx/gbagfx graphics/ui/investigation/examine_cursor_02.pal graphics/ui/investigation/examine_cursor_02.gbapal
tools/gbagfx/gbagfx graphics/ui/investigation/examine_cursor_03.pal graphics/ui/investigation/examine_cursor_03.gbapal
tools/gbagfx/gbagfx graphics/ui/investigation/examine_cursor_04.pal graphics/ui/investigation/examine_cursor_04.gbapal
tools/gbagfx/gbagfx graphics/ui/investigation/examine_cursor_05.pal graphics/ui/investigation/examine_cursor_05.gbapal
tools/gbagfx/gbagfx graphics/ui/investigation/examine_cursor_06.pal graphics/ui/investigation/examine_cursor_06.gbapal
tools/gbagfx/gbagfx graphics/ui/investigation/examine_cursor_07.pal graphics/ui/investigation/examine_cursor_07.gbapal
tools/gbagfx/gbagfx graphics/ui/investigation/examine_cursor_08.pal graphics/ui/investigation/examine_cursor_08.gbapal
tools/gbagfx/gbagfx graphics/ui/investigation/examine_cursor_09.pal graphics/ui/investigation/examine_cursor_09.gbapal
tools/gbagfx/gbagfx graphics/ui/investigation/examine_cursor_10.pal graphics/ui/investigation/examine_cursor_10.gbapal
tools/gbagfx/gbagfx graphics/ui/investigation/examine_cursor_11.pal graphics/ui/investigation/examine_cursor_11.gbapal
tools/gbagfx/gbagfx graphics/ui/investigation/examine_cursor_12.pal graphics/ui/investigation/examine_cursor_12.gbapal
tools/gbagfx/gbagfx graphics/ui/investigation/examine_cursor_13.pal graphics/ui/investigation/examine_cursor_13.gbapal
tools/gbagfx/gbagfx graphics/ui/investigation/examine_cursor_14.pal graphics/ui/investigation/examine_cursor_14.gbapal
tools/gbagfx/gbagfx graphics/ui/investigation/examine_cursor_15.pal graphics/ui/investigation/examine_cursor_15.gbapal
tools/gbagfx/gbagfx graphics/ui/investigation/examine_cursor_16.pal graphics/ui/investigation/examine_cursor_16.gbapal
tools/gbagfx/gbagfx graphics/ui/investigation/scroll_prompt.png graphics/ui/investigation/scroll_prompt.4bpp
tools/gbagfx/gbagfx graphics/ui/investigation/scroll_prompt.png graphics/ui/investigation/scroll_prompt.gbapal
tools/gbagfx/gbagfx graphics/ui/left_right_arrows.png graphics/ui/left_right_arrows.4bpp
tools/gbagfx/gbagfx graphics/ui/message_box/nametags.png graphics/ui/message_box/nametags.4bpp
tools/gbagfx/gbagfx graphics/ui/message_box/save_game_tiles.png graphics/ui/message_box/save_game_tiles.4bpp
tools/gbagfx/gbagfx graphics/ui/new_game_continue.png graphics/ui/new_game_continue.4bpp -mwidth 4 -mheight 2
tools/gbagfx/gbagfx graphics/ui/new_game_continue_0.pal graphics/ui/new_game_continue_0.gbapal
tools/gbagfx/gbagfx graphics/ui/new_game_continue_1.pal graphics/ui/new_game_continue_1.gbapal
tools/gbagfx/gbagfx graphics/ui/new_game_continue_2.pal graphics/ui/new_game_continue_2.gbapal
tools/gbagfx/gbagfx graphics/ui/new_game_continue_3.pal graphics/ui/new_game_continue_3.gbapal
tools/gbagfx/gbagfx graphics/ui/new_game_continue_4.pal graphics/ui/new_game_continue_4.gbapal
tools/gbagfx/gbagfx graphics/ui/new_game_continue_5.pal graphics/ui/new_game_continue_5.gbapal
tools/gbagfx/gbagfx graphics/ui/trial/confetti.png graphics/ui/trial/confetti.4bpp
tools/gbagfx/gbagfx graphics/ui/trial/confetti_0.pal graphics/ui/trial/confetti_0.gbapal
tools/gbagfx/gbagfx graphics/ui/trial/confetti_1.pal graphics/ui/trial/confetti_1.gbapal
tools/gbagfx/gbagfx graphics/ui/trial/confetti_2.pal graphics/ui/trial/confetti_2.gbapal
tools/gbagfx/gbagfx graphics/ui/trial/confetti_3.pal graphics/ui/trial/confetti_3.gbapal
tools/gbagfx/gbagfx graphics/ui/trial/exclamation_point.png graphics/ui/trial/exclamation_point.4bpp
tools/gbagfx/gbagfx graphics/ui/trial/game_over_doors.png graphics/ui/trial/game_over_doors.4bpp
tools/gbagfx/gbagfx graphics/ui/trial/game_over_doors.png graphics/ui/trial/game_over_doors.gbapal
tools/gbagfx/gbagfx graphics/ui/trial/game_over_text.png graphics/ui/trial/game_over_text.4bpp -mwidth 8 -mheight 8
tools/gbagfx/gbagfx graphics/ui/trial/game_over_text.png graphics/ui/trial/game_over_text.gbapal
tools/gbagfx/gbagfx graphics/ui/trial/guilty.pal graphics/ui/trial/guilty.gbapal
tools/gbagfx/gbagfx graphics/ui/trial/guilty1.png graphics/ui/trial/guilty1.4bpp
tools/gbagfx/gbagfx graphics/ui/trial/guilty_not_guilty2.png graphics/ui/trial/guilty_not_guilty2.4bpp
tools/gbagfx/gbagfx graphics/ui/trial/not_guilty.pal graphics/ui/trial/not_guilty.gbapal
tools/gbagfx/gbagfx graphics/ui/trial/not_guilty1.png graphics/ui/trial/not_guilty1.4bpp
tools/gbagfx/gbagfx graphics/ui/trial/press_present_buttons.png graphics/ui/trial/press_present_buttons.4bpp -mwidth 4 -mheight 2
tools/gbagfx/gbagfx graphics/ui/trial/press_present_buttons.png graphics/ui/trial/press_present_buttons.gbapal
tools/gbagfx/gbagfx graphics/ui/trial/testimony_text_tiles.png graphics/ui/trial/testimony_text_tiles.4bpp
tools/gbagfx/gbagfx graphics/ui/trial/testimony_text_tiles.png graphics/ui/trial/testimony_text_tiles.gbapal
tools/gbagfx/gbagfx graphics/ui/trial/unused_testimony_characters.png graphics/ui/trial/unused_testimony_characters.4bpp -mwidth 2 -mheight 2
tools/gbagfx/gbagfx graphics/unk_1940C0.pal graphics/unk_1940C0.gbapal
tools/gbagfx/gbagfx graphics/unk_194100.pal graphics/unk_194100.gbapal
tools/gbagfx/gbagfx graphics/unused_ascii_charset.png graphics/unused_ascii_charset.4bpp
tools/binutils/bin/arm-none-eabi-as -mcpu=arm7tdmi -mthumb-interwork -o build/pwaa1/data/sound_data.o data/sound_data.s 
tools/binutils/bin/arm-none-eabi-as -mcpu=arm7tdmi -mthumb-interwork -o build/pwaa1/data/sound_data2.o data/sound_data2.s 
cp sym_iwram.txt build/pwaa1
cp sym_ewram.txt build/pwaa1
cc -E -I tools/agbcc -I tools/agbcc/include -iquote include -DREVISION=0 -nostdinc src/scripts.c -o build/pwaa1/src/scripts.i
tools/gbagfx/gbagfx graphics/episode_select_options.4bpp graphics/episode_select_options.4bpp.lz -search 1
tools/gbagfx/gbagfx graphics/evidence_profile_descriptions/evidence/air_tube.4bpp graphics/evidence_profile_descriptions/evidence/air_tube.4bpp.lz -search 8
tools/gbagfx/gbagfx graphics/evidence_profile_descriptions/evidence/article_gourdy.4bpp graphics/evidence_profile_descriptions/evidence/article_gourdy.4bpp.lz -search 8
tools/gbagfx/gbagfx graphics/evidence_profile_descriptions/evidence/bullet_0.4bpp graphics/evidence_profile_descriptions/evidence/bullet_0.4bpp.lz -search 8
tools/gbagfx/gbagfx graphics/evidence_profile_descriptions/evidence/bullet_1.4bpp graphics/evidence_profile_descriptions/evidence/bullet_1.4bpp.lz -search 8
tools/gbagfx/gbagfx graphics/evidence_profile_descriptions/evidence/cindy_stones_passport.4bpp graphics/evidence_profile_descriptions/evidence/cindy_stones_passport.4bpp.lz -search 8
tools/gbagfx/gbagfx graphics/evidence_profile_descriptions/evidence/codys_digital_camera.4bpp graphics/evidence_profile_descriptions/evidence/codys_digital_camera.4bpp.lz -search 8
tools/gbagfx/gbagfx graphics/evidence_profile_descriptions/evidence/codys_steel_samurai_scrapbook.4bpp graphics/evidence_profile_descriptions/evidence/codys_steel_samurai_scrapbook.4bpp.lz -search 8
tools/gbagfx/gbagfx graphics/evidence_profile_descriptions/evidence/dl-6_bullet.4bpp graphics/evidence_profile_descriptions/evidence/dl-6_bullet.4bpp.lz -search 8
tools/gbagfx/gbagfx graphics/evidence_profile_descriptions/evidence/empty_bottle_0.4bpp graphics/evidence_profile_descriptions/evidence/empty_bottle_0.4bpp.lz -search 8
tools/gbagfx/gbagfx graphics/evidence_profile_descriptions/evidence/empty_bottle_1.4bpp graphics/evidence_profile_descriptions/evidence/empty_bottle_1.4bpp.lz -search 8
tools/gbagfx/gbagfx graphics/evidence_profile_descriptions/evidence/empty_plate.4bpp graphics/evidence_profile_descriptions/evidence/empty_plate.4bpp.lz -search 8
tools/gbagfx/gbagfx graphics/evidence_profile_descriptions/evidence/firecrackers.4bpp graphics/evidence_profile_descriptions/evidence/firecrackers.4bpp.lz -search 8
tools/gbagfx/gbagfx graphics/evidence_profile_descriptions/evidence/fishing_pole.4bpp graphics/evidence_profile_descriptions/evidence/fishing_pole.4bpp.lz -search 8
tools/gbagfx/gbagfx graphics/evidence_profile_descriptions/evidence/generic_affidavit_0.4bpp graphics/evidence_profile_descriptions/evidence/generic_affidavit_0.4bpp.lz -search 8
tools/gbagfx/gbagfx graphics/evidence_profile_descriptions/evidence/generic_affidavit_1.4bpp graphics/evidence_profile_descriptions/evidence/generic_affidavit_1.4bpp.lz -search 8
tools/gbagfx/gbagfx graphics/evidence_profile_descriptions/evidence/generic_affidavit_2.4bpp graphics/evidence_profile_descriptions/evidence/generic_affidavit_2.4bpp.lz -search 8
tools/gbagfx/gbagfx graphics/evidence_profile_descriptions/evidence/generic_affidavit_3.4bpp graphics/evidence_profile_descriptions/evidence/generic_affidavit_3.4bpp.lz -search 8
tools/gbagfx/gbagfx graphics/evidence_profile_descriptions/evidence/generic_affidavit_4.4bpp graphics/evidence_profile_descriptions/evidence/generic_affidavit_4.4bpp.lz -search 8
tools/gbagfx/gbagfx graphics/evidence_profile_descriptions/evidence/generic_affidavit_5.4bpp graphics/evidence_profile_descriptions/evidence/generic_affidavit_5.4bpp.lz -search 8
tools/gbagfx/gbagfx graphics/evidence_profile_descriptions/evidence/generic_autopsy_report_0.4bpp graphics/evidence_profile_descriptions/evidence/generic_autopsy_report_0.4bpp.lz -search 8
tools/gbagfx/gbagfx graphics/evidence_profile_descriptions/evidence/generic_autopsy_report_1.4bpp graphics/evidence_profile_descriptions/evidence/generic_autopsy_report_1.4bpp.lz -search 8
tools/gbagfx/gbagfx graphics/evidence_profile_descriptions/evidence/generic_autopsy_report_2.4bpp graphics/evidence_profile_descriptions/evidence/generic_autopsy_report_2.4bpp.lz -search 8
tools/gbagfx/gbagfx graphics/evidence_profile_descriptions/evidence/generic_autopsy_report_3.4bpp graphics/evidence_profile_descriptions/evidence/generic_autopsy_report_3.4bpp.lz -search 8
tools/gbagfx/gbagfx graphics/evidence_profile_descriptions/evidence/generic_autopsy_report_4.4bpp graphics/evidence_profile_descriptions/evidence/generic_autopsy_report_4.4bpp.lz -search 8
tools/gbagfx/gbagfx graphics/evidence_profile_descriptions/evidence/generic_autopsy_report_5.4bpp graphics/evidence_profile_descriptions/evidence/generic_autopsy_report_5.4bpp.lz -search 8
tools/gbagfx/gbagfx graphics/evidence_profile_descriptions/evidence/generic_autopsy_report_6.4bpp graphics/evidence_profile_descriptions/evidence/generic_autopsy_report_6.4bpp.lz -search 8
tools/gbagfx/gbagfx graphics/evidence_profile_descriptions/evidence/generic_autopsy_report_7.4bpp graphics/evidence_profile_descriptions/evidence/generic_autopsy_report_7.4bpp.lz -search 8
tools/gbagfx/gbagfx graphics/evidence_profile_descriptions/evidence/generic_letter_0.4bpp graphics/evidence_profile_descriptions/evidence/generic_letter_0.4bpp.lz -search 8
tools/gbagfx/gbagfx graphics/evidence_profile_descriptions/evidence/generic_letter_1.4bpp graphics/evidence_profile_descriptions/evidence/generic_letter_1.4bpp.lz -search 8
tools/gbagfx/gbagfx graphics/evidence_profile_descriptions/evidence/generic_letter_2.4bpp graphics/evidence_profile_descriptions/evidence/generic_letter_2.4bpp.lz -search 8
tools/gbagfx/gbagfx graphics/evidence_profile_descriptions/evidence/generic_letter_3.4bpp graphics/evidence_profile_descriptions/evidence/generic_letter_3.4bpp.lz -search 8
tools/gbagfx/gbagfx graphics/evidence_profile_descriptions/evidence/generic_newspaper_clipping.4bpp graphics/evidence_profile_descriptions/evidence/generic_newspaper_clipping.4bpp.lz -search 8
tools/gbagfx/gbagfx graphics/evidence_profile_descriptions/evidence/generic_photo_0.4bpp graphics/evidence_profile_descriptions/evidence/generic_photo_0.4bpp.lz -search 8
tools/gbagfx/gbagfx graphics/evidence_profile_descriptions/evidence/generic_photo_1.4bpp graphics/evidence_profile_descriptions/evidence/generic_photo_1.4bpp.lz -search 8
tools/gbagfx/gbagfx graphics/evidence_profile_descriptions/evidence/generic_photo_2.4bpp graphics/evidence_profile_descriptions/evidence/generic_photo_2.4bpp.lz -search 8
tools/gbagfx/gbagfx graphics/evidence_profile_descriptions/evidence/generic_photo_3.4bpp graphics/evidence_profile_descriptions/evidence/generic_photo_3.4bpp.lz -search 8
tools/gbagfx/gbagfx graphics/evidence_profile_descriptions/evidence/generic_photo_4.4bpp graphics/evidence_profile_descriptions/evidence/generic_photo_4.4bpp.lz -search 8
tools/gbagfx/gbagfx graphics/evidence_profile_descriptions/evidence/generic_photo_5.4bpp graphics/evidence_profile_descriptions/evidence/generic_photo_5.4bpp.lz -search 8
tools/gbagfx/gbagfx graphics/evidence_profile_descriptions/evidence/generic_photo_6.4bpp graphics/evidence_profile_descriptions/evidence/generic_photo_6.4bpp.lz -search 8
tools/gbagfx/gbagfx graphics/evidence_profile_descriptions/evidence/generic_photo_7.4bpp graphics/evidence_profile_descriptions/evidence/generic_photo_7.4bpp.lz -search 8
tools/gbagfx/gbagfx graphics/evidence_profile_descriptions/evidence/generic_photo_8.4bpp graphics/evidence_profile_descriptions/evidence/generic_photo_8.4bpp.lz -search 8
tools/gbagfx/gbagfx graphics/evidence_profile_descriptions/evidence/generic_photo_9.4bpp graphics/evidence_profile_descriptions/evidence/generic_photo_9.4bpp.lz -search 8
tools/gbagfx/gbagfx graphics/evidence_profile_descriptions/evidence/glass_shards.4bpp graphics/evidence_profile_descriptions/evidence/glass_shards.4bpp.lz -search 8
tools/gbagfx/gbagfx graphics/evidence_profile_descriptions/evidence/global_studios_card_key.4bpp graphics/evidence_profile_descriptions/evidence/global_studios_card_key.4bpp.lz -search 8
tools/gbagfx/gbagfx graphics/evidence_profile_descriptions/evidence/global_studios_van.4bpp graphics/evidence_profile_descriptions/evidence/global_studios_van.4bpp.lz -search 8
tools/gbagfx/gbagfx graphics/evidence_profile_descriptions/evidence/key_to_cottage.4bpp graphics/evidence_profile_descriptions/evidence/key_to_cottage.4bpp.lz -search 8
tools/gbagfx/gbagfx graphics/evidence_profile_descriptions/evidence/lottas_camera_0.4bpp graphics/evidence_profile_descriptions/evidence/lottas_camera_0.4bpp.lz -search 8
tools/gbagfx/gbagfx graphics/evidence_profile_descriptions/evidence/lottas_camera_1.4bpp graphics/evidence_profile_descriptions/evidence/lottas_camera_1.4bpp.lz -search 8
tools/gbagfx/gbagfx graphics/evidence_profile_descriptions/evidence/maya_memo.4bpp graphics/evidence_profile_descriptions/evidence/maya_memo.4bpp.lz -search 8
tools/gbagfx/gbagfx graphics/evidence_profile_descriptions/evidence/mayas_cellphone.4bpp graphics/evidence_profile_descriptions/evidence/mayas_cellphone.4bpp.lz -search 8
tools/gbagfx/gbagfx graphics/evidence_profile_descriptions/evidence/metal_detector.4bpp graphics/evidence_profile_descriptions/evidence/metal_detector.4bpp.lz -search 8
tools/gbagfx/gbagfx graphics/evidence_profile_descriptions/evidence/missile.4bpp graphics/evidence_profile_descriptions/evidence/missile.4bpp.lz -search 8
tools/gbagfx/gbagfx graphics/evidence_profile_descriptions/evidence/missile_angry.4bpp graphics/evidence_profile_descriptions/evidence/missile_angry.4bpp.lz -search 8
tools/gbagfx/gbagfx graphics/evidence_profile_descriptions/evidence/mr_monkey.4bpp graphics/evidence_profile_descriptions/evidence/mr_monkey.4bpp.lz -search 8
tools/gbagfx/gbagfx graphics/evidence_profile_descriptions/evidence/note_from_the_safe.4bpp graphics/evidence_profile_descriptions/evidence/note_from_the_safe.4bpp.lz -search 8
tools/gbagfx/gbagfx graphics/evidence_profile_descriptions/evidence/phoenix_badge.4bpp graphics/evidence_profile_descriptions/evidence/phoenix_badge.4bpp.lz -search 8
tools/gbagfx/gbagfx graphics/evidence_profile_descriptions/evidence/pistol.4bpp graphics/evidence_profile_descriptions/evidence/pistol.4bpp.lz -search 8
tools/gbagfx/gbagfx graphics/evidence_profile_descriptions/evidence/plate_with_steak_bones.4bpp graphics/evidence_profile_descriptions/evidence/plate_with_steak_bones.4bpp.lz -search 8
tools/gbagfx/gbagfx graphics/evidence_profile_descriptions/evidence/polly.4bpp graphics/evidence_profile_descriptions/evidence/polly.4bpp.lz -search 8
tools/gbagfx/gbagfx graphics/evidence_profile_descriptions/evidence/steel_samurai_cards.4bpp graphics/evidence_profile_descriptions/evidence/steel_samurai_cards.4bpp.lz -search 8
tools/gbagfx/gbagfx graphics/evidence_profile_descriptions/evidence/steel_samurai_script.4bpp graphics/evidence_profile_descriptions/evidence/steel_samurai_script.4bpp.lz -search 8
tools/gbagfx/gbagfx graphics/evidence_profile_descriptions/evidence/steel_samurai_spear_0.4bpp graphics/evidence_profile_descriptions/evidence/steel_samurai_spear_0.4bpp.lz -search 8
tools/gbagfx/gbagfx graphics/evidence_profile_descriptions/evidence/steel_samurai_spear_1.4bpp graphics/evidence_profile_descriptions/evidence/steel_samurai_spear_1.4bpp.lz -search 8
tools/gbagfx/gbagfx graphics/evidence_profile_descriptions/evidence/steel_samurai_ultra_rare_card.4bpp graphics/evidence_profile_descriptions/evidence/steel_samurai_ultra_rare_card.4bpp.lz -search 8
tools/gbagfx/gbagfx graphics/evidence_profile_descriptions/evidence/the_thinker_0.4bpp graphics/evidence_profile_descriptions/evidence/the_thinker_0.4bpp.lz -search 8
tools/gbagfx/gbagfx graphics/evidence_profile_descriptions/evidence/the_thinker_1.4bpp graphics/evidence_profile_descriptions/evidence/the_thinker_1.4bpp.lz -search 8
tools/gbagfx/gbagfx graphics/evidence_profile_descriptions/evidence/the_thinker_2.4bpp graphics/evidence_profile_descriptions/evidence/the_thinker_2.4bpp.lz -search 8
tools/gbagfx/gbagfx graphics/evidence_profile_descriptions/evidence/wiretap.4bpp graphics/evidence_profile_descriptions/evidence/wiretap.4bpp.lz -search 8
tools/gbagfx/gbagfx graphics/evidence_profile_descriptions/evidence/yannis_safe.4bpp graphics/evidence_profile_descriptions/evidence/yannis_safe.4bpp.lz -search 8
tools/gbagfx/gbagfx graphics/evidence_profile_descriptions/profiles/april_may_0.4bpp graphics/evidence_profile_descriptions/profiles/april_may_0.4bpp.lz -search 8
tools/gbagfx/gbagfx graphics/evidence_profile_descriptions/profiles/april_may_1.4bpp graphics/evidence_profile_descriptions/profiles/april_may_1.4bpp.lz -search 8
tools/gbagfx/gbagfx graphics/evidence_profile_descriptions/profiles/april_may_2.4bpp graphics/evidence_profile_descriptions/profiles/april_may_2.4bpp.lz -search 8
tools/gbagfx/gbagfx graphics/evidence_profile_descriptions/profiles/bellboy_0.4bpp graphics/evidence_profile_descriptions/profiles/bellboy_0.4bpp.lz -search 8
tools/gbagfx/gbagfx graphics/evidence_profile_descriptions/profiles/bellboy_1.4bpp graphics/evidence_profile_descriptions/profiles/bellboy_1.4bpp.lz -search 8
tools/gbagfx/gbagfx graphics/evidence_profile_descriptions/profiles/cindy_stone.4bpp graphics/evidence_profile_descriptions/profiles/cindy_stone.4bpp.lz -search 8
tools/gbagfx/gbagfx graphics/evidence_profile_descriptions/profiles/cody_hackins.4bpp graphics/evidence_profile_descriptions/profiles/cody_hackins.4bpp.lz -search 8
tools/gbagfx/gbagfx graphics/evidence_profile_descriptions/profiles/dee_vasquez.4bpp graphics/evidence_profile_descriptions/profiles/dee_vasquez.4bpp.lz -search 8
tools/gbagfx/gbagfx graphics/evidence_profile_descriptions/profiles/dick_gumshoe.4bpp graphics/evidence_profile_descriptions/profiles/dick_gumshoe.4bpp.lz -search 8
tools/gbagfx/gbagfx graphics/evidence_profile_descriptions/profiles/frank_sahwit.4bpp graphics/evidence_profile_descriptions/profiles/frank_sahwit.4bpp.lz -search 8
tools/gbagfx/gbagfx graphics/evidence_profile_descriptions/profiles/gregory_edgeworth.4bpp graphics/evidence_profile_descriptions/profiles/gregory_edgeworth.4bpp.lz -search 8
tools/gbagfx/gbagfx graphics/evidence_profile_descriptions/profiles/jack_hammer.4bpp graphics/evidence_profile_descriptions/profiles/jack_hammer.4bpp.lz -search 8
tools/gbagfx/gbagfx graphics/evidence_profile_descriptions/profiles/larry_butz_0.4bpp graphics/evidence_profile_descriptions/profiles/larry_butz_0.4bpp.lz -search 8
tools/gbagfx/gbagfx graphics/evidence_profile_descriptions/profiles/larry_butz_1.4bpp graphics/evidence_profile_descriptions/profiles/larry_butz_1.4bpp.lz -search 8
tools/gbagfx/gbagfx graphics/evidence_profile_descriptions/profiles/lotta_hart_0.4bpp graphics/evidence_profile_descriptions/profiles/lotta_hart_0.4bpp.lz -search 8
tools/gbagfx/gbagfx graphics/evidence_profile_descriptions/profiles/lotta_hart_1.4bpp graphics/evidence_profile_descriptions/profiles/lotta_hart_1.4bpp.lz -search 8
tools/gbagfx/gbagfx graphics/evidence_profile_descriptions/profiles/manfred_von_karma.4bpp graphics/evidence_profile_descriptions/profiles/manfred_von_karma.4bpp.lz -search 8
tools/gbagfx/gbagfx graphics/evidence_profile_descriptions/profiles/marvin_grossberg.4bpp graphics/evidence_profile_descriptions/profiles/marvin_grossberg.4bpp.lz -search 8
tools/gbagfx/gbagfx graphics/evidence_profile_descriptions/profiles/maya_fey_0.4bpp graphics/evidence_profile_descriptions/profiles/maya_fey_0.4bpp.lz -search 8
tools/gbagfx/gbagfx graphics/evidence_profile_descriptions/profiles/maya_fey_1.4bpp graphics/evidence_profile_descriptions/profiles/maya_fey_1.4bpp.lz -search 8
tools/gbagfx/gbagfx graphics/evidence_profile_descriptions/profiles/maya_fey_2.4bpp graphics/evidence_profile_descriptions/profiles/maya_fey_2.4bpp.lz -search 8
tools/gbagfx/gbagfx graphics/evidence_profile_descriptions/profiles/maya_fey_3.4bpp graphics/evidence_profile_descriptions/profiles/maya_fey_3.4bpp.lz -search 8
tools/gbagfx/gbagfx graphics/evidence_profile_descriptions/profiles/mia_fey_0.4bpp graphics/evidence_profile_descriptions/profiles/mia_fey_0.4bpp.lz -search 8
tools/gbagfx/gbagfx graphics/evidence_profile_descriptions/profiles/mia_fey_1.4bpp graphics/evidence_profile_descriptions/profiles/mia_fey_1.4bpp.lz -search 8
tools/gbagfx/gbagfx graphics/evidence_profile_descriptions/profiles/miles_edgeworth_0.4bpp graphics/evidence_profile_descriptions/profiles/miles_edgeworth_0.4bpp.lz -search 8
tools/gbagfx/gbagfx graphics/evidence_profile_descriptions/profiles/miles_edgeworth_1.4bpp graphics/evidence_profile_descriptions/profiles/miles_edgeworth_1.4bpp.lz -search 8
tools/gbagfx/gbagfx graphics/evidence_profile_descriptions/profiles/misty_fey_0.4bpp graphics/evidence_profile_descriptions/profiles/misty_fey_0.4bpp.lz -search 8
tools/gbagfx/gbagfx graphics/evidence_profile_descriptions/profiles/misty_fey_1.4bpp graphics/evidence_profile_descriptions/profiles/misty_fey_1.4bpp.lz -search 8
tools/gbagfx/gbagfx graphics/evidence_profile_descriptions/profiles/misty_fey_2.4bpp graphics/evidence_profile_descriptions/profiles/misty_fey_2.4bpp.lz -search 8
tools/gbagfx/gbagfx graphics/evidence_profile_descriptions/profiles/old_man_0.4bpp graphics/evidence_profile_descriptions/profiles/old_man_0.4bpp.lz -search 8
tools/gbagfx/gbagfx graphics/evidence_profile_descriptions/profiles/old_man_1.4bpp graphics/evidence_profile_descriptions/profiles/old_man_1.4bpp.lz -search 8
tools/gbagfx/gbagfx graphics/evidence_profile_descriptions/profiles/penny_nichols.4bpp graphics/evidence_profile_descriptions/profiles/penny_nichols.4bpp.lz -search 8
tools/gbagfx/gbagfx graphics/evidence_profile_descriptions/profiles/redd_white_0.4bpp graphics/evidence_profile_descriptions/profiles/redd_white_0.4bpp.lz -search 8
tools/gbagfx/gbagfx graphics/evidence_profile_descriptions/profiles/redd_white_1.4bpp graphics/evidence_profile_descriptions/profiles/redd_white_1.4bpp.lz -search 8
tools/gbagfx/gbagfx graphics/evidence_profile_descriptions/profiles/robert_hammond.4bpp graphics/evidence_profile_descriptions/profiles/robert_hammond.4bpp.lz -search 8
tools/gbagfx/gbagfx graphics/evidence_profile_descriptions/profiles/sal_manella.4bpp graphics/evidence_profile_descriptions/profiles/sal_manella.4bpp.lz -search 8
tools/gbagfx/gbagfx graphics/evidence_profile_descriptions/profiles/wendy_oldbag.4bpp graphics/evidence_profile_descriptions/profiles/wendy_oldbag.4bpp.lz -search 8
tools/gbagfx/gbagfx graphics/evidence_profile_descriptions/profiles/will_powers.4bpp graphics/evidence_profile_descriptions/profiles/will_powers.4bpp.lz -search 8
tools/gbagfx/gbagfx graphics/evidence_profile_descriptions/profiles/winston_payne.4bpp graphics/evidence_profile_descriptions/profiles/winston_payne.4bpp.lz -search 8
tools/gbagfx/gbagfx graphics/title_screen.8bpp graphics/title_screen.8bpp.lz -search 8
tools/gbagfx/gbagfx graphics/title_screen_demo.8bpp graphics/title_screen_demo.8bpp.lz -search 8
cd build/pwaa1 && sed "s#tools/#../../tools/#g" ../../ld_script.txt > ld_script.ld
tools/binutils/bin/arm-none-eabi-as -mcpu=arm7tdmi -mthumb-interwork -o build/pwaa1/data/graphics.o data/graphics.s 
tools/binutils/bin/arm-none-eabi-as -mcpu=arm7tdmi -mthumb-interwork -o build/pwaa1/src/scripts.o build/pwaa1/src/scripts.s
cd build/pwaa1 && ../../tools/binutils/bin/arm-none-eabi-ld -T ld_script.ld -Map ../../pwaa1.map -o ../../pwaa1.elf src/agb_sram.o src/animation.o src/bg.o src/bg3.o src/case_data.o src/court.o src/court_record.o src/episode_load_processes.o src/gameover_process.o src/investigation.o src/investigation_segment_1_0.o src/investigation_segment_1_2.o src/investigation_segment_2_0.o src/investigation_segment_2_2.o src/investigation_segment_2_4.o src/investigation_segment_3_0.o src/investigation_segment_3_2.o src/investigation_segment_3_4.o src/m4a.o src/m4a_tables.o src/main.o src/save_processes.o src/script_commands.o src/script_commands2.o src/script_commands3.o src/script_main.o src/scripts.o src/sound.o src/title_processes.o src/utils.o src/crt0.o src/libagbsyscall.o src/m4a_1.o data/graphics.o data/sound_data.o data/sound_data2.o -L ../../tools/agbcc/lib -lgcc -lc
tools/gbafix/gbafix -t"GYAKUTEN_SAI" -cASBJ -m08 -r0 --silent pwaa1.elf
tools/binutils/bin/arm-none-eabi-objcopy -O binary --gap-fill 0xff pwaa1.elf pwaa1.gba
tools/gbafix/gbafix --silent -p pwaa1.gba
